ligand_id,smiles,canonical_smiles,chembl_id,group,source,activity_type,relation,value_nM,p_activity,heavy_atoms,mw,num_rot_bonds,murcko_scaffold,vina_affinity,vina_affinity_2,n_poses,seconds,hit_7,pred_pIC50,pred_pose,pred_pIC50_var
CHEMBL1159655,Cc1c(cccc1O)C(=O)N[C@H](CSc2ccccc2)[C@@H](CN3C[C@H]4CCCC[C@H]4C[C@H]3C(=O)NC(C)(C)C)O,Cc1c(O)cccc1C(=O)N[C@H](CSc1ccccc1)[C@H](O)CN1C[C@H]2CCCC[C@H]2C[C@H]1C(=O)NC(C)(C)C,CHEMBL1159655,positive,DUD-E actives_nM_chembl,Ki,=,0.01,11.0,40,567.8,9,O=C(N[C@@H](CCN1CC[C@@H]2CCCC[C@@H]2C1)CSc1ccccc1)c1ccccc1,-9.248,-9.218,5,205.9,True,8.203125,0.43285078,0.65441895
CHEMBL412862,c1ccc(cc1)C[C@@H]2[C@@H]([C@H]([C@H](N(C(=O)N2Cc3cccc(c3)C(=O)Nc4[nH]ccn4)CC5CC5)Cc6ccccc6)O)O,O=C(Nc1ncc[nH]1)c1cccc(CN2C(=O)N(CC3CC3)[C@H](Cc3ccccc3)[C@H](O)[C@@H](O)[C@H]2Cc2ccccc2)c1,CHEMBL412862,positive,DUD-E actives_nM_chembl,Ki,=,0.016,10.795880017344077,43,579.7,10,O=C(Nc1ncc[nH]1)c1cccc(CN2C(=O)N(CC3CC3)[C@H](Cc3ccccc3)CC[C@H]2Cc2ccccc2)c1,-7.864,-7.81,5,529.6,True,8.142578,0.47611794,0.23019917
CHEMBL57707,CCCCN1[C@@H]([C@@H]([C@H]([C@H](N(C1=O)Cc2cccc(c2)C(=O)Nc3[nH]ccn3)Cc4ccccc4)O)O)Cc5ccccc5,CCCCN1C(=O)N(Cc2cccc(C(=O)Nc3ncc[nH]3)c2)[C@H](Cc2ccccc2)[C@H](O)[C@@H](O)[C@H]1Cc1ccccc1,CHEMBL57707,positive,DUD-E actives_nM_chembl,Ki,=,0.025,10.602059991327964,43,581.72,11,O=C(Nc1ncc[nH]1)c1cccc(CN2C(=O)N[C@H](Cc3ccccc3)CC[C@H]2Cc2ccccc2)c1,-7.711,-7.171,5,555.5,True,8.356445,0.551665,0.3095843
CHEMBL310124,c1ccc(cc1)C[C@@H]2[C@@H]([C@H]([C@H](N(C(=O)N2Cc3cccc(c3)C(=O)O)Cc4ccc5c(c4)cn[nH]5)Cc6ccccc6)O)O,O=C(O)c1cccc(CN2C(=O)N(Cc3ccc4[nH]ncc4c3)[C@H](Cc3ccccc3)[C@H](O)[C@@H](O)[C@H]2Cc2ccccc2)c1,CHEMBL310124,positive,DUD-E actives_nM_chembl,Ki,=,0.049,10.309803919971486,44,590.68,9,O=C1N(Cc2ccccc2)[C@H](Cc2ccccc2)CC[C@@H](Cc2ccccc2)N1Cc1ccc2[nH]ncc2c1,-8.091,-8.07,5,610.5,True,8.261719,0.46452746,1.0785624
CHEMBL129900,CCC(c1cccc(c1)NS(=O)(=O)c2ccc(cc2)C#N)c3c(c4c(oc3=O)CCCC4)O,CCC(c1cccc(NS(=O)(=O)c2ccc(C#N)cc2)c1)c1c(O)c2c(oc1=O)CCCC2,CHEMBL129900,positive,DUD-E actives_nM_chembl,Ki,=,0.065,10.187086643357144,33,464.54,6,O=c1oc2c(cc1Cc1cccc(NS(=O)(=O)c3ccccc3)c1)CCCC2,-9.797,-9.752,5,99.2,True,6.763672,0.3495779,0.4374644
CHEMBL415722,CCC(c1cccc(c1)NS(=O)(=O)c2ccc(cn2)C#N)c3c(c4c(oc3=O)CCC4)O,CCC(c1cccc(NS(=O)(=O)c2ccc(C#N)cn2)c1)c1c(O)c2c(oc1=O)CCC2,CHEMBL415722,positive,DUD-E actives_nM_chembl,Ki,=,0.075,10.1249387366083,32,451.5,6,O=c1oc2c(cc1Cc1cccc(NS(=O)(=O)c3ccccn3)c1)CCC2,-8.905,-8.832,5,70.6,True,5.9492188,0.093497194,1.2954305
CHEMBL1161737,C[C@@H](C(C)C)C(=O)NC(=O)[C@@H]([C@@H]([C@H]([C@H](C(=O)NC(=O)[C@@H](C)C(C)C)Oc1ccc(cc1)/C=C/C(=O)OC)O)O)O,COC(=O)/C=C/c1ccc(O[C@@H](C(=O)NC(=O)[C@@H](C)C(C)C)[C@H](O)[C@@H](O)[C@@H](O)C(=O)NC(=O)[C@@H](C)C(C)C)cc1,CHEMBL1161737,positive,DUD-E actives_nM_chembl,Ki,=,0.09,10.045757490560677,40,564.63,13,c1ccccc1,-7.883,-7.85,5,269.3,True,6.678711,0.4394813,0.6411883
CHEMBL290074,Cc1c2cc(ccc2[nH]n1)CN3[C@@H]([C@H]([C@H](N(C3=O)Cc4cccc(c4)N)Cc5ccccc5)O)CCc6ccccc6,Cc1n[nH]c2ccc(CN3C(=O)N(Cc4cccc(N)c4)[C@H](Cc4ccccc4)[C@H](O)[C@H]3CCc3ccccc3)cc12,CHEMBL290074,positive,DUD-E actives_nM_chembl,Ki,=,0.13,9.886056647693165,42,559.71,9,O=C1N(Cc2ccc3[nH]ncc3c2)[C@H](CCc2ccccc2)C[C@@H](Cc2ccccc2)N1Cc1ccccc1,-10.094,-9.975,5,167.7,True,8.310547,0.47661054,0.64842224
CHEMBL285417,c1ccc(cc1)C[C@@H]2[C@@H]([C@H]([C@H](N(C(=O)N2Cc3cccc(c3)CO)Cc4cccc(c4)CO)Cc5ccccc5)O)O,O=C1N(Cc2cccc(CO)c2)[C@H](Cc2ccccc2)[C@H](O)[C@@H](O)[C@@H](Cc2ccccc2)N1Cc1cccc(CO)c1,CHEMBL285417,positive,DUD-E actives_nM_chembl,Ki,=,0.14,9.853871964321762,42,566.7,10,O=C1N(Cc2ccccc2)[C@H](Cc2ccccc2)CC[C@@H](Cc2ccccc2)N1Cc1ccccc1,-7.545,-7.481,5,603.2,True,8.118164,0.38815916,0.86621475
CHEMBL371589,COc1ccc(cc1)S(=O)(=O)N(C[C@H]([C@H](Cc2ccccc2)NC(=O)OC3CCOC3)O)OC4CCCC4,COc1ccc(S(=O)(=O)N(C[C@@H](O)[C@H](Cc2ccccc2)NC(=O)OC2CCOC2)OC2CCCC2)cc1,CHEMBL371589,positive,DUD-E actives_nM_chembl,Ki,=,0.19,9.721246399047171,38,548.66,12,O=C(N[C@H](CCN(OC1CCCC1)S(=O)(=O)c1ccccc1)Cc1ccccc1)OC1CCOC1,-8.153,-8.079,5,186.5,True,8.870117,0.5673337,0.8276507
CHEMBL218403,CC(C)CN(C[C@H]([C@H](Cc1ccccc1)NC(=O)[C@@H]2CN(C(=O)O2)c3ccccc3)O)S(=O)(=O)c4ccc(cc4)N,CC(C)CN(C[C@@H](O)[C@H](Cc1ccccc1)NC(=O)[C@@H]1CN(c2ccccc2)C(=O)O1)S(=O)(=O)c1ccc(N)cc1,CHEMBL218403,positive,DUD-E actives_nM_chembl,Ki,=,0.53,9.275724130399212,41,580.71,12,O=C(N[C@H](CCNS(=O)(=O)c1ccccc1)Cc1ccccc1)[C@@H]1CN(c2ccccc2)C(=O)O1,-8.834,-8.808,5,212.6,True,8.214844,0.11251517,0.25901285
CHEMBL171729,Cc1cc(c(cc1O)C(C)(C)C)SC2=C(OC(CC2=O)(CCc3ccccc3)C(C)C)O,Cc1cc(SC2=C(O)OC(CCc3ccccc3)(C(C)C)CC2=O)c(C(C)(C)C)cc1O,CHEMBL171729,positive,DUD-E actives_nM_chembl,Ki,=,1.1,8.958607314841775,32,454.63,6,O=C1CC(CCc2ccccc2)OC=C1Sc1ccccc1,-9.018,-8.774,5,81.8,True,7.3984375,0.35198238,1.4207458
CHEMBL118006,CCCC1(CC(=O)C(=C(O1)O)C(CC)c2cccc(c2)NS(=O)(=O)c3cn(cn3)C)CCC,CCCC1(CCC)CC(=O)C(C(CC)c2cccc(NS(=O)(=O)c3cn(C)cn3)c2)=C(O)O1,CHEMBL118006,positive,DUD-E actives_nM_chembl,Ki,=,1.8,8.744727494896694,33,475.61,10,O=C1CCOC=C1Cc1cccc(NS(=O)(=O)c2c[nH]cn2)c1,-7.689,-7.653,5,114.5,True,6.7617188,0.2556338,0.43014526
CHEMBL293808,c1ccc(cc1)C[C@@H]([C@H](C[C@]2(C(=C(C=N2)C3c4ccccc4C[C@H]3O)O)Cc5ccccc5)O)NC(=O)O[C@H]6CCOC6,O=C(N[C@@H](Cc1ccccc1)[C@@H](O)C[C@]1(Cc2ccccc2)N=CC(C2c3ccccc3C[C@H]2O)=C1O)O[C@H]1CCOC1,CHEMBL293808,positive,DUD-E actives_nM_chembl,IC50,=,2.0,8.698970004336019,43,582.7,10,O=C(N[C@H](CC[C@@]1(Cc2ccccc2)C=C(C2CCc3ccccc32)C=N1)Cc1ccccc1)O[C@H]1CCOC1,-9.194,-9.094,5,234.4,True,8.697266,0.5216194,0.57606506
CHEMBL364568,C[C@H](C[C@@H](C(Cc1ccccc1)NC(=O)C(C)NC(=O)C(C)N)O)C(=O)NC(C(C)C)C(=O)NC(C(C)C)C(=O)OC,COC(=O)C(NC(=O)C(NC(=O)[C@H](C)C[C@H](O)C(Cc1ccccc1)NC(=O)C(C)NC(=O)C(C)N)C(C)C)C(C)C,CHEMBL364568,positive,DUD-E actives_nM_chembl,Ki,=,3.0,8.522878745280337,42,591.75,16,c1ccccc1,-7.968,-7.721,5,286.4,True,6.7421875,0.15947649,0.6277568
CHEMBL87092,CC(C)(C)OC(=O)NC(Cc1ccccc1)C(=O)C(C(=O)NCc2ccccc2)(F)F,CC(C)(C)OC(=O)NC(Cc1ccccc1)C(=O)C(F)(F)C(=O)NCc1ccccc1,CHEMBL87092,positive,DUD-E actives_nM_chembl,IC50,=,4.0,8.397940008672037,31,432.47,8,O=C(CCc1ccccc1)CC(=O)NCc1ccccc1,-7.247,-7.099,5,87.0,True,6.5214844,0.34961876,0.4397227
CHEMBL288010,CC(C)CCN(C[C@H]([C@@H]1Cc2ccc(cc2)OCCCC(=O)N[C@H](C(=O)N1)C(C)C)O)S(=O)(=O)c3ccccc3,CC(C)CCN(C[C@@H](O)[C@@H]1Cc2ccc(cc2)OCCCC(=O)N[C@@H](C(C)C)C(=O)N1)S(=O)(=O)c1ccccc1,CHEMBL288010,positive,DUD-E actives_nM_chembl,Ki,=,4.0,8.397940008672037,40,573.76,9,O=C1CCCOc2ccc(cc2)C[C@@H](CCNS(=O)(=O)c2ccccc2)NC(=O)CN1,-7.262,-6.826,5,433.6,True,9.125,0.62508875,0.36340332
CHEMBL38154,Cc1cc(c(cc1NC(=O)c2ccncc2)C(C)(C)C)SC3=C(OC(CC3=O)(CCc4ccc(cc4)O)C(C)C)O,Cc1cc(SC2=C(O)OC(CCc3ccc(O)cc3)(C(C)C)CC2=O)c(C(C)(C)C)cc1NC(=O)c1ccncc1,CHEMBL38154,positive,DUD-E actives_nM_chembl,IC50,=,5.08,8.29413628771608,41,574.74,8,O=C1CC(CCc2ccccc2)OC=C1Sc1ccc(NC(=O)c2ccncc2)cc1,-9.412,-9.179,5,165.2,True,7.466797,0.35352194,0.24545796
CHEMBL277138,Cc1ccccc1S(=O)(=O)Nc2cccc(c2)C(c3c(c4c(oc3=O)CCCCCC4)O)C5CC5,Cc1ccccc1S(=O)(=O)Nc1cccc(C(c2c(O)c3c(oc2=O)CCCCCC3)C2CC2)c1,CHEMBL277138,positive,DUD-E actives_nM_chembl,Ki,=,9.0,8.045757490560675,35,493.63,6,O=c1oc2c(cc1C(c1cccc(NS(=O)(=O)c3ccccc3)c1)C1CC1)CCCCCC2,-7.531,-7.421,5,231.9,True,6.3378906,0.18794264,1.3196665
CHEMBL121855,CC(C)c1ccc(c(c1)SC2=C(OC(CC2=O)(CCc3ccccc3)c4ccccc4)O)C(C)C,CC(C)c1ccc(C(C)C)c(SC2=C(O)OC(CCc3ccccc3)(c3ccccc3)CC2=O)c1,CHEMBL121855,positive,DUD-E actives_nM_chembl,IC50,=,14.0,7.853871964321762,35,486.68,8,O=C1CC(CCc2ccccc2)(c2ccccc2)OC=C1Sc1ccccc1,-8.789,-8.467,5,108.4,True,7.3476562,0.21453089,1.2303568
CHEMBL179323,Cc1ccc(cc1)S(=O)(=O)NCCC[C@@H](C(=O)O)NC(=O)OCC2c3ccccc3-c4c2cccc4,Cc1ccc(S(=O)(=O)NCCC[C@H](NC(=O)OCC2c3ccccc3-c3ccccc32)C(=O)O)cc1,CHEMBL179323,positive,DUD-E actives_nM_chembl,Ki,=,26.2,7.581698708680254,36,508.6,10,O=C(NCCCCNS(=O)(=O)c1ccccc1)OCC1c2ccccc2-c2ccccc21,-8.16,-8.063,5,169.6,True,7.5478516,0.46799827,0.55424374
CHEMBL343044,COCCC1CCCCCc2c1oc(c(c2=O)C(c3ccccc3)C4CC4)O,COCCC1CCCCCc2c1oc(O)c(C(c1ccccc1)C1CC1)c2=O,CHEMBL343044,positive,DUD-E actives_nM_chembl,Ki,=,28.0,7.552841968657781,28,382.5,6,O=c1c(C(c2ccccc2)C2CC2)coc2c1CCCCCC2,-6.215,-6.137,5,150.2,False,5.870117,0.12404093,0.30918756
CHEMBL35980,c1ccc(cc1)C[C@@H]2[C@@H]([C@H]([C@H](N(C(=O)N2Cc3ccc(cc3)C#N)Cc4ccc(cc4)C#N)Cc5ccccc5)O)O,N#Cc1ccc(CN2C(=O)N(Cc3ccc(C#N)cc3)[C@H](Cc3ccccc3)[C@H](O)[C@@H](O)[C@H]2Cc2ccccc2)cc1,CHEMBL35980,positive,DUD-E actives_nM_chembl,Ki,=,52.0,7.2839966563652,42,556.67,8,O=C1N(Cc2ccccc2)[C@H](Cc2ccccc2)CC[C@@H](Cc2ccccc2)N1Cc1ccccc1,-7.412,-7.334,5,464.4,True,8.34082,0.43460023,0.102064766
CHEMBL23309,CCC(C)C(C(=O)NCc1ccccn1)NC(=O)C(C(C)C)NCC(C(CC2CCCCC2)N(C(=O)C)C(C)(C)C)O,CCC(C)C(NC(=O)C(NCC(O)C(CC1CCCCC1)N(C(C)=O)C(C)(C)C)C(C)C)C(=O)NCc1ccccn1,CHEMBL23309,positive,DUD-E actives_nM_chembl,Ki,=,70.0,7.154901959985743,42,587.85,15,O=C(CNCCCCC1CCCCC1)NCC(=O)NCc1ccccn1,-8.058,-7.867,5,283.5,True,7.7871094,0.34249848,0.24386089
CHEMBL294635,c1ccc(cc1)C[C@@H](C(=O)N2CCC(=O)C2Sc3ccccc3)NC(=O)c4cccnc4,O=C(N[C@@H](Cc1ccccc1)C(=O)N1CCC(=O)C1Sc1ccccc1)c1cccnc1,CHEMBL294635,positive,DUD-E actives_nM_chembl,IC50,=,100.0,7.0,32,445.54,7,O=C(N[C@@H](Cc1ccccc1)C(=O)N1CCC(=O)C1Sc1ccccc1)c1cccnc1,-8.053,-8.025,5,87.2,True,7.270508,0.2973938,0.483565
CHEMBL62390,Cc1ccsc1SC2=C(OC(CC2=O)(CCc3ccccc3)c4ccccc4)O,Cc1ccsc1SC1=C(O)OC(CCc2ccccc2)(c2ccccc2)CC1=O,CHEMBL62390,positive,DUD-E actives_nM_chembl,IC50,=,195.0,6.709965388637482,29,422.57,6,O=C1CC(CCc2ccccc2)(c2ccccc2)OC=C1Sc1cccs1,-8.316,-8.228,5,49.3,True,6.3720703,0.14784795,1.0462176
CHEMBL12707,CC(C)c1ccccc1Sc2c(cc(oc2=O)c3ccccc3Cl)O,CC(C)c1ccccc1Sc1c(O)cc(-c2ccccc2Cl)oc1=O,CHEMBL12707,positive,DUD-E actives_nM_chembl,IC50,=,225.0,6.647817481888637,25,372.87,4,O=c1oc(-c2ccccc2)ccc1Sc1ccccc1,-8.091,-8.058,5,33.5,True,5.7353516,0.07406553,2.2343075
CHEMBL139434,c1ccc(cc1)CC2CCCCCCc3c2oc(c(c3=O)C(C4CC4)C5CC5)O,O=c1c2c(oc(O)c1C(C1CC1)C1CC1)C(Cc1ccccc1)CCCCCC2,CHEMBL139434,positive,DUD-E actives_nM_chembl,Ki,=,260.0,6.585026652029182,29,392.54,5,O=c1c(C(C2CC2)C2CC2)coc2c1CCCCCCC2Cc1ccccc1,-6.348,-5.944,5,174.6,False,6.1591797,0.23390962,0.3225441
CHEMBL37624,Cc1ccc(c(c1)NC(c2c(cccc2Cl)Cl)C(=O)N)C(=O)C,CC(=O)c1ccc(C)cc1NC(C(N)=O)c1c(Cl)cccc1Cl,CHEMBL37624,positive,DUD-E actives_nM_chembl,IC50,=,500.0,6.301029995663981,23,351.23,5,c1ccc(CNc2ccccc2)cc1,-7.144,-7.088,5,31.4,True,5.5302734,0.32815996,0.43742242
CHEMBL146380,c1ccc(cc1)C[C@@H]([C@@H]2[C@H](N(C(=O)N2CC3CC3)CC4CC4)[C@H](Cc5ccccc5)F)F,O=C1N(CC2CC2)[C@H]([C@@H](F)Cc2ccccc2)[C@@H]([C@@H](F)Cc2ccccc2)N1CC1CC1,CHEMBL146380,positive,DUD-E actives_nM_chembl,Ki,=,980.0,6.008773924307505,32,438.56,10,O=C1N(CC2CC2)[C@H](CCc2ccccc2)[C@@H](CCc2ccccc2)N1CC1CC1,-8.017,-7.931,5,106.0,True,7.5878906,0.35781732,1.6977692
CHEMBL440364,CC(C)C(C(=O)O)NC(=O)[C@H]1[C@H](O1)[C@H](Cc2ccccc2)NC(=O)OCc3ccccc3,CC(C)C(NC(=O)[C@@H]1O[C@@H]1[C@H](Cc1ccccc1)NC(=O)OCc1ccccc1)C(=O)O,CHEMBL440364,negative,DUD-E inactives_nM_chembl,Ki,>,10000000.0,2.0,32,440.5,10,O=C(N[C@@H](Cc1ccccc1)[C@@H]1CO1)OCc1ccccc1,-8.469,-8.191,5,110.6,True,5.928711,0.16569687,0.419885
CHEMBL25704,c1ccc(cc1)C[C@H]2C([C@@H](NC(=O)N2)Cc3ccccc3)O,O=C1N[C@@H](Cc2ccccc2)C(O)[C@H](Cc2ccccc2)N1,CHEMBL25704,negative,DUD-E inactives_nM_chembl,IC50,>,100000.0,4.0,22,296.37,4,O=C1N[C@@H](Cc2ccccc2)C[C@H](Cc2ccccc2)N1,-7.938,-7.814,5,28.0,True,5.1640625,0.5424989,0.37773642
CHEMBL39772,c1ccc(cc1)CCC(=O)NCC(=O)OCc2ccccc2,O=C(CCc1ccccc1)NCC(=O)OCc1ccccc1,CHEMBL39772,negative,DUD-E inactives_nM_chembl,IC50,>,3000000.0,2.5228787452803374,22,297.35,7,O=C(CCc1ccccc1)NCC(=O)OCc1ccccc1,-7.561,-7.454,5,38.4,True,4.984375,0.2936108,0.8047994
CHEMBL109276,Cc1cn(c(=O)[nH]c1=O)[C@H]2CC(C(O2)CO)(F)F,Cc1cn([C@H]2CC(F)(F)C(CO)O2)c(=O)[nH]c1=O,CHEMBL109276,negative,DUD-E inactives_nM_chembl,EC50,>,100000.0,4.0,18,262.21,2,O=c1ccn([C@H]2CCCO2)c(=O)[nH]1,-6.584,-6.025,5,15.5,False,4.1782227,0.08763406,0.6406285
CHEMBL43922,C[C@@H](/C=C/[C@@H](Cc1ccccc1)C(=O)N[C@@H](C(C)C)C(=O)OC)C(=O)N[C@@H](C(C)C)C(=O)OC,COC(=O)[C@@H](NC(=O)[C@@H](C)/C=C/[C@@H](Cc1ccccc1)C(=O)N[C@H](C(=O)OC)C(C)C)C(C)C,CHEMBL43922,negative,DUD-E inactives_nM_chembl,Ki,>,67000.0,4.173925197299174,34,474.6,12,c1ccccc1,-7.514,-7.399,5,123.6,True,6.0703125,0.20430869,0.73798627
CHEMBL37953,c1ccc(cc1)CCS(=NCC(=O)OCc2ccccc2)(=O)N,NS(=O)(CCc1ccccc1)=NCC(=O)OCc1ccccc1,CHEMBL37953,negative,DUD-E inactives_nM_chembl,IC50,>,5000000.0,2.3010299956639813,23,332.43,7,O=C(CN=[SH](=O)CCc1ccccc1)OCc1ccccc1,-7.71,-7.658,5,43.3,True,5.2314453,0.14019407,0.5123227
CHEMBL313993,CC(C)(C)NC(=O)C(Cc1ccccc1)NCC([C@H](Cc2ccccc2)NC(=O)OC(C)(C)C)O,CC(C)(C)NC(=O)C(Cc1ccccc1)NCC(O)[C@H](Cc1ccccc1)NC(=O)OC(C)(C)C,CHEMBL313993,negative,DUD-E inactives_nM_chembl,IC50,>,100000.0,4.0,35,483.65,10,c1ccc(CCCCNCCc2ccccc2)cc1,-7.823,-7.717,5,151.7,True,8.160156,0.75320923,0.35301718
CHEMBL81697,CCOC(=O)C(c1c(=O)c2ccccc2oc1O)c3c(=O)c4ccccc4oc3O,CCOC(=O)C(c1c(O)oc2ccccc2c1=O)c1c(O)oc2ccccc2c1=O,CHEMBL81697,negative,DUD-E inactives_nM_chembl,IC50,>,100000.0,4.0,30,408.36,4,O=c1c(Cc2coc3ccccc3c2=O)coc2ccccc12,-8.478,-8.357,5,51.5,True,4.4799805,0.10590986,1.0262104
CHEMBL109720,c1nc2c(n1[C@H]3CC(C(O3)CO)(F)F)nc(nc2O)N,Nc1nc(O)c2ncn([C@H]3CC(F)(F)C(CO)O3)c2n1,CHEMBL109720,negative,DUD-E inactives_nM_chembl,EC50,>,100000.0,4.0,20,287.23,2,c1ncc2ncn([C@H]3CCCO3)c2n1,-6.848,-6.571,5,24.2,False,4.783203,0.17440638,0.30800882
CHEMBL116537,c1ccc(cc1)COC[C@H]([C@@H]([C@@H]([C@H](COCc2ccccc2)OCc3ccccc3)O)O)OCc4ccccc4,O[C@H]([C@H](O)[C@H](COCc1ccccc1)OCc1ccccc1)[C@@H](COCc1ccccc1)OCc1ccccc1,CHEMBL116537,negative,DUD-E inactives_nM_chembl,IC50,>,50000.0,4.301029995663981,40,542.67,17,c1ccc(COC[C@@H](CC[C@@H](COCc2ccccc2)OCc2ccccc2)OCc2ccccc2)cc1,-7.982,-7.801,5,298.3,True,6.625,0.69043636,1.2621765
CHEMBL84254,c1ccc2c(c1)c(c(c(=O)o2)C(=O)c3cccc(c3)N(=O)=O)O,O=C(c1cccc([N+](=O)[O-])c1)c1c(O)c2ccccc2oc1=O,CHEMBL84254,negative,DUD-E inactives_nM_chembl,IC50,>,100000.0,4.0,23,311.25,3,O=C(c1ccccc1)c1cc2ccccc2oc1=O,-7.821,-7.538,5,20.3,True,4.315918,0.26970848,0.26373896
CHEMBL90284,COc1ccccc1CCCCc2c(=O)c3ccc(cc3oc2O)OCc4ccccc4,COc1ccccc1CCCCc1c(O)oc2cc(OCc3ccccc3)ccc2c1=O,CHEMBL90284,negative,DUD-E inactives_nM_chembl,IC50,>,100000.0,4.0,32,430.5,9,O=c1c(CCCCc2ccccc2)coc2cc(OCc3ccccc3)ccc12,-7.427,-7.171,5,89.2,True,5.0063477,0.08469525,0.63602036
CHEMBL273330,CC(=C)[C@@H]1CC[C@]2([C@H]1[C@H]3CC[C@@H]4[C@]5(CC[C@@H](C([C@@H]5CC[C@]4([C@@]3(CC2)C)C)(C)C)OC(=O)CC(C)(C)CC(=O)O)C)C(=O)O,C=C(C)[C@@H]1CC[C@]2(C(=O)O)CC[C@]3(C)[C@H](CC[C@@H]4[C@@]5(C)CC[C@H](OC(=O)CC(C)(C)CC(=O)O)C(C)(C)[C@@H]5CC[C@]43C)[C@@H]12,CHEMBL273330,negative,DUD-E inactives_nM_chembl,IC50,>,167000.0,3.7772835288524167,43,598.87,7,C1CC[C@@H]2CCC3C4CCC5CCC[C@@H]5[C@H]4CC[C@@H]3C2C1,-8.81,-8.436,5,121.0,True,6.9248047,0.15908463,0.03345108
CHEMBL318293,CC(C)(C)C(=O)Nc1ccccc1SCC(Cc2ccccc2C(=O)NC(C)(C)C)O,CC(C)(C)NC(=O)c1ccccc1CC(O)CSc1ccccc1NC(=O)C(C)(C)C,CHEMBL318293,negative,DUD-E inactives_nM_chembl,IC50,>,200000.0,3.6989700043360183,31,442.63,7,c1ccc(CCCSc2ccccc2)cc1,-8.286,-8.232,5,90.6,True,6.8496094,0.38682032,0.9776459
CHEMBL310437,Cc1ccc(cc1)S(=O)(=O)c2c(c3ccc(cc3oc2=O)OC)O,COc1ccc2c(O)c(S(=O)(=O)c3ccc(C)cc3)c(=O)oc2c1,CHEMBL310437,negative,DUD-E inactives_nM_chembl,IC50,>,100000.0,4.0,24,346.36,3,O=c1oc2ccccc2cc1S(=O)(=O)c1ccccc1,-7.553,-7.48,5,19.8,True,4.5166016,0.029862994,0.84418106
CHEMBL105589,CC(=O)NCCNC(=O)[C@H]1C(S[C@@H](N1)[C@@H](C(=O)OC)NC(=O)Cc2ccccc2)(C)C,COC(=O)[C@@H](NC(=O)Cc1ccccc1)[C@@H]1N[C@@H](C(=O)NCCNC(C)=O)C(C)(C)S1,CHEMBL105589,negative,DUD-E inactives_nM_chembl,IC50,>,55000.0,4.259637310505756,31,450.56,9,O=C(Cc1ccccc1)NC[C@@H]1NCCS1,-7.46,-7.385,5,104.5,True,6.807617,0.16766751,0.27268854
CHEMBL109218,c1nc2c(c(n1)O)ncn2[C@@H]3CC(C(O3)CO)(F)F,OCC1O[C@H](n2cnc3c(O)ncnc32)CC1(F)F,CHEMBL109218,negative,DUD-E inactives_nM_chembl,EC50,>,100000.0,4.0,19,272.21,2,c1ncc2ncn([C@@H]3CCCO3)c2n1,-6.444,-6.388,5,18.8,False,5.709961,0.6172898,0.8383827
CHEMBL35046,CC(C)CN1CC(C[C@@H]1C(=O)NC(C)(C)C)(CNC(=O)OC(C)(C)C)O,CC(C)CN1CC(O)(CNC(=O)OC(C)(C)C)C[C@@H]1C(=O)NC(C)(C)C,CHEMBL35046,negative,DUD-E inactives_nM_chembl,IC50,>,90000.0,4.045757490560675,26,371.52,5,C1CCNC1,-6.794,-6.402,5,55.3,False,6.100586,0.2586678,0.47188696
CHEMBL329627,c1ccc(cc1)C[C@]2(CCC[C@@](C2O)(Cc3ccccc3)O)O,OC1[C@@](O)(Cc2ccccc2)CCC[C@]1(O)Cc1ccccc1,CHEMBL329627,negative,DUD-E inactives_nM_chembl,Ki,>,2000000.0,2.6989700043360187,23,312.41,4,c1ccc(CC2CCCC(Cc3ccccc3)C2)cc1,-8.056,-7.467,5,29.9,True,5.3603516,0.6757026,0.5854327
CHEMBL333820,c1nc(c2c(n1)n(cn2)[C@H]3C=C(C(O3)CO)F)N,Nc1ncnc2c1ncn2[C@H]1C=C(F)C(CO)O1,CHEMBL333820,negative,DUD-E inactives_nM_chembl,EC50,>,100000.0,4.0,18,251.22,2,C1=C[C@H](n2cnc3cncnc32)OC1,-6.299,-6.12,5,14.9,False,4.2216797,0.021976668,0.68675107
CHEMBL37048,COC(=O)[C@H](Cc1ccccc1)N=S(=O)(CCc2ccccc2)N,COC(=O)[C@H](Cc1ccccc1)N=S(N)(=O)CCc1ccccc1,CHEMBL37048,negative,DUD-E inactives_nM_chembl,IC50,>,5000000.0,2.3010299956639813,24,346.45,7,O=[SH](CCc1ccccc1)=NCCc1ccccc1,-6.98,-6.939,5,46.0,False,6.513672,0.3510595,0.68503314
CHEMBL312902,c1ccc2c(c1)c(=O)c(c(o2)O)CC3C(c4ccccc4OC3=O)O,O=C1Oc2ccccc2C(O)C1Cc1c(O)oc2ccccc2c1=O,CHEMBL312902,negative,DUD-E inactives_nM_chembl,IC50,>,100000.0,4.0,25,338.32,2,O=C1Oc2ccccc2CC1Cc1coc2ccccc2c1=O,-8.722,-8.58,5,25.5,True,3.9667969,0.08263708,0.5123062
CHEMBL109804,c1cn(c(=O)nc1N)[C@H]2CC(C(O2)CO)(F)F,Nc1ccn([C@H]2CC(F)(F)C(CO)O2)c(=O)n1,CHEMBL109804,negative,DUD-E inactives_nM_chembl,EC50,>,100000.0,4.0,17,247.2,2,O=c1ncccn1[C@H]1CCCO1,-6.223,-6.011,5,16.1,False,4.5458984,0.17907992,1.1708006
CHEMBL84281,c1ccc(cc1)C(=O)SCc2c(c3ccccc3oc2=O)O,O=C(SCc1c(O)c2ccccc2oc1=O)c1ccccc1,CHEMBL84281,negative,DUD-E inactives_nM_chembl,IC50,>,100000.0,4.0,22,312.35,3,O=C(SCc1cc2ccccc2oc1=O)c1ccccc1,-7.789,-7.64,5,22.3,True,4.046875,0.02423618,0.12389374
CHEMBL96869,CC(C)(C)NC(=O)c1ccccc1C(CSc2ccccc2C(=O)NC(C)(C)C)O,CC(C)(C)NC(=O)c1ccccc1SCC(O)c1ccccc1C(=O)NC(C)(C)C,CHEMBL96869,negative,DUD-E inactives_nM_chembl,IC50,>,200000.0,3.6989700043360183,30,428.6,6,c1ccc(CCSc2ccccc2)cc1,-7.983,-7.87,5,82.4,True,6.9248047,0.4340887,1.0677935
CHEMBL294840,COc1c(cc(cc1Cl)C(=CCCCC(=O)OC)c2cc(c(c(c2)Cl)OC)C(=O)OC)C(=O)OC,COC(=O)CCCC=C(c1cc(Cl)c(OC)c(C(=O)OC)c1)c1cc(Cl)c(OC)c(C(=O)OC)c1,CHEMBL294840,negative,DUD-E inactives_nM_chembl,IC50,>,100000.0,4.0,35,525.38,10,C=C(c1ccccc1)c1ccccc1,-7.032,-6.962,5,121.8,True,5.852539,0.091448784,0.3319842
CHEMBL431195,Cc1ccc(cc1)S(=O)(=O)N/N=C(/CCN2CCCC2)\CC(c3ccccc3)c4c(=O)c5ccccc5oc4O,Cc1ccc(S(=O)(=O)N/N=C(/CCN2CCCC2)CC(c2ccccc2)c2c(O)oc3ccccc3c2=O)cc1,CHEMBL431195,negative,DUD-E inactives_nM_chembl,IC50,>,100000.0,4.0,40,559.69,10,O=c1c(C(C/C(CCN2CCCC2)=N\NS(=O)(=O)c2ccccc2)c2ccccc2)coc2ccccc12,-8.56,-8.502,5,164.8,True,7.2929688,0.3299569,0.5307719
CHEMBL432212,CC1([C@@H](N[C@H](S1)[C@@H](C(=O)NCc2ccccc2)NC(=O)Cc3ccccc3)C(=O)N)C,CC1(C)S[C@H]([C@H](NC(=O)Cc2ccccc2)C(=O)NCc2ccccc2)N[C@H]1C(N)=O,CHEMBL432212,negative,DUD-E inactives_nM_chembl,IC50,>,230000.0,3.638272163982407,31,440.57,8,O=C(Cc1ccccc1)N[C@H](C(=O)NCc1ccccc1)[C@@H]1NCCS1,-8.624,-8.43,5,74.1,True,6.2714844,0.105980076,0.7745616
CHEMBL64588,c1ccc(cc1)Cc2c(c3c(cccc3oc2=O)O)O,O=c1oc2cccc(O)c2c(O)c1Cc1ccccc1,CHEMBL64588,negative,DUD-E inactives_nM_chembl,IC50,>,100000.0,4.0,20,268.27,2,O=c1oc2ccccc2cc1Cc1ccccc1,-7.393,-7.347,5,20.1,True,4.272949,0.117966935,0.43466282
CHEMBL305836,CC(C)(C)NC(=O)[C@H](CC1CCCCC1)N2CCC[C@@](C2)([C@H](Cc3ccccc3)NC(=O)OC(C)(C)C)O,CC(C)(C)NC(=O)[C@H](CC1CCCCC1)N1CCC[C@](O)([C@H](Cc2ccccc2)NC(=O)OC(C)(C)C)C1,CHEMBL305836,negative,DUD-E inactives_nM_chembl,IC50,>,100000.0,4.0,38,529.77,8,c1ccc(CCC2CCCN(CCC3CCCCC3)C2)cc1,-9.046,-8.704,5,149.0,True,7.3085938,0.2766108,0.23440552
CHEMBL88167,c1ccc(cc1)OCCCCc2c(c3ccccc3oc2=O)O,O=c1oc2ccccc2c(O)c1CCCCOc1ccccc1,CHEMBL88167,negative,DUD-E inactives_nM_chembl,IC50,>,100000.0,4.0,23,310.35,6,O=c1oc2ccccc2cc1CCCCOc1ccccc1,-7.449,-7.387,5,33.0,True,4.208008,0.08202221,1.1821404
CHEMBL40645,C[C@@H](/C=C/[C@@H](C(C)C)C(=O)N[C@@H](C(C)C)C(=O)OC)C(=O)N[C@@H](C(C)C)C(=O)OC,COC(=O)[C@@H](NC(=O)[C@@H](/C=C/[C@H](C)C(=O)N[C@H](C(=O)OC)C(C)C)C(C)C)C(C)C,CHEMBL40645,negative,DUD-E inactives_nM_chembl,Ki,>,67000.0,4.173925197299174,30,426.55,11,,-6.647,-6.596,5,94.6,False,4.5791016,0.012598105,0.16539891
CHEMBL86563,c1ccc(cc1)CC2NC(=O)NC(P2(=O)O)Cc3ccccc3,O=C1NC(Cc2ccccc2)P(=O)(O)C(Cc2ccccc2)N1,CHEMBL86563,negative,DUD-E inactives_nM_chembl,IC50,>,100000.0,4.0,23,330.32,4,O=C1NC(Cc2ccccc2)[PH](=O)C(Cc2ccccc2)N1,-8.404,-8.334,5,27.8,True,5.352539,0.4380962,0.579848
CHEMBL104685,C[C@H](Cc1ccccc1)NC(=O)[C@H]2C(S[C@@H](N2)[C@@H](C(=O)NCc3ccccc3)NC(=O)Cc4ccccc4)(C)C,C[C@H](Cc1ccccc1)NC(=O)[C@@H]1N[C@@H]([C@H](NC(=O)Cc2ccccc2)C(=O)NCc2ccccc2)SC1(C)C,CHEMBL104685,negative,DUD-E inactives_nM_chembl,IC50,>,180000.0,3.7447274948966935,40,558.75,11,O=C(Cc1ccccc1)N[C@H](C(=O)NCc1ccccc1)[C@@H]1N[C@@H](C(=O)NCCc2ccccc2)CS1,-8.992,-8.88,5,208.3,True,7.642578,0.3285022,0.12476095
CHEMBL111447,c1cn(c(=O)[nH]c1=O)[C@@H]2CC(C(O2)CO)(F)F,O=c1ccn([C@@H]2CC(F)(F)C(CO)O2)c(=O)[nH]1,CHEMBL111447,negative,DUD-E inactives_nM_chembl,EC50,>,100000.0,4.0,17,248.18,2,O=c1ccn([C@@H]2CCCO2)c(=O)[nH]1,-6.31,-6.248,5,14.6,False,3.9433594,0.0770555,0.99168396
CHEMBL322094,CNC1=C(C(OC1=O)(CCc2ccccc2)C(=O)NCC3CCCO3)O,CNC1=C(O)C(CCc2ccccc2)(C(=O)NCC2CCCO2)OC1=O,CHEMBL322094,negative,DUD-E inactives_nM_chembl,IC50,>,1000000.0,3.0,26,360.41,7,O=C1C=CC(CCc2ccccc2)(C(=O)NCC2CCCO2)O1,-7.934,-7.874,5,47.3,True,5.803711,0.20536542,0.22751236
CHEMBL320767,c1cn(c(=O)nc1N)[C@H]2C=C(C(O2)CO)F,Nc1ccn([C@H]2C=C(F)C(CO)O2)c(=O)n1,CHEMBL320767,negative,DUD-E inactives_nM_chembl,EC50,>,100000.0,4.0,16,227.19,2,O=c1ncccn1[C@H]1C=CCO1,-5.631,-5.541,5,17.4,False,4.3901367,0.05384661,1.7483937
CHEMBL109716,Cc1cn(c(=O)[nH]c1=O)[C@H]2C=C(C(O2)CO)F,Cc1cn([C@H]2C=C(F)C(CO)O2)c(=O)[nH]c1=O,CHEMBL109716,negative,DUD-E inactives_nM_chembl,EC50,>,100000.0,4.0,17,242.21,2,O=c1ccn([C@H]2C=CCO2)c(=O)[nH]1,-6.018,-5.942,5,13.9,False,3.9814453,0.043522086,0.75247574
CHEMBL113361,c1cn(c(=O)[nH]c1=O)[C@@H]2C=C(C(O2)CO)F,O=c1ccn([C@@H]2C=C(F)C(CO)O2)c(=O)[nH]1,CHEMBL113361,negative,DUD-E inactives_nM_chembl,EC50,>,100000.0,4.0,16,228.18,2,O=c1ccn([C@@H]2C=CCO2)c(=O)[nH]1,-5.954,-5.944,5,13.9,False,4.7475586,0.08811877,1.7405888
CHEMBL84199,c1ccc(cc1)SC2=C(c3ccccc3C(=O)C2=O)O,O=C1C(=O)c2ccccc2C(O)=C1Sc1ccccc1,CHEMBL84199,negative,DUD-E inactives_nM_chembl,IC50,>,100000.0,4.0,20,282.32,2,O=C1C(=O)c2ccccc2C=C1Sc1ccccc1,-7.081,-6.921,5,14.8,True,4.878418,0.3949396,1.0438496
DEC0001,c1cc(ccc1/C(=N\CCc2c[nH]c3c2cc(cc3)F)/C4C(=O)NC(=O)N(C4=O)c5ccc(cc5)Br)Cl,O=C1NC(=O)N(c2ccc(Br)cc2)C(=O)C1/C(=N/CCc1c[nH]c2ccc(F)cc12)c1ccc(Cl)cc1,,decoy,DUD-E decoys_final,,,,,37,581.83,6,O=C1NC(=O)N(c2ccccc2)C(=O)C1/C(=N/CCc1c[nH]c2ccccc12)c1ccccc1,-9.811,-9.765,5,105.2,True,,,
DEC0002,CCOc1cc(ccc1O)/C=N/N=c\2/[nH]c(cs2)c3cccc(c3)S(=O)(=O)N4C[C@@H](C[C@H](C4)C)C,CCOc1cc(/C=N/N=c2/[nH]c(-c3cccc(S(=O)(=O)N4C[C@H](C)C[C@@H](C)C4)c3)cs2)ccc1O,,decoy,DUD-E decoys_final,,,,,35,514.67,7,O=S(=O)(c1cccc(-c2cs/c(=N\N=C\c3ccccc3)[nH]2)c1)N1CCCCC1,-9.093,-8.739,5,80.1,True,,,
DEC0003,c1cc(ccc1NS(=O)(=O)c2ccc(s2)c3ccc(=O)[nH]n3)Oc4ccc(cc4)Cl,O=c1ccc(-c2ccc(S(=O)(=O)Nc3ccc(Oc4ccc(Cl)cc4)cc3)s2)n[nH]1,,decoy,DUD-E decoys_final,,,,,30,459.94,6,O=c1ccc(-c2ccc(S(=O)(=O)Nc3ccc(Oc4ccccc4)cc3)s2)n[nH]1,-9.562,-9.514,5,58.5,True,,,
DEC0004,Cc1ccc(cc1)[C@@H]2C(=C(NC(=C2C(=O)OC)[O-])SCC(=O)Nc3ccc(cc3)F)C#N,COC(=O)C1=C([O-])NC(SCC(=O)Nc2ccc(F)cc2)=C(C#N)[C@H]1c1ccc(C)cc1,,decoy,DUD-E decoys_final,,,,,32,452.49,6,O=C(CSC1=C[C@@H](c2ccccc2)C=CN1)Nc1ccccc1,-8.165,-7.984,5,70.2,True,,,
DEC0005,CCOc1ccc(cc1)NC(=O)N(CCCOC)CC(=O)N(Cc2ccc(cc2)F)Cc3c(ccs3)C,CCOc1ccc(NC(=O)N(CCCOC)CC(=O)N(Cc2ccc(F)cc2)Cc2sccc2C)cc1,,decoy,DUD-E decoys_final,,,,,37,527.66,13,O=C(NCC(=O)N(Cc1ccccc1)Cc1cccs1)Nc1ccccc1,-7.569,-7.536,5,166.9,True,,,
DEC0006,CCOc1ccc(cc1/N=N\c2ccc(c3c2cccc3)/N=N/c4cccc(c4)S(=O)(=O)[O-])C,CCOc1ccc(C)cc1/N=N\c1ccc(/N=N/c2cccc(S(=O)(=O)[O-])c2)c2ccccc12,,decoy,DUD-E decoys_final,,,,,34,473.53,7,c1ccc(/N=N\c2ccc(/N=N/c3ccccc3)c3ccccc23)cc1,-9.634,-8.694,5,64.3,True,,,
DEC0007,CC[C@H](C)OC(=O)C1=C(NC2=C([C@H]1c3ccc(c(c3)OCC)O)C(=O)C[C@H](C2)c4ccc(cc4)Cl)C,CCOc1cc([C@H]2C(C(=O)O[C@@H](C)CC)=C(C)NC3=C2C(=O)C[C@@H](c2ccc(Cl)cc2)C3)ccc1O,,decoy,DUD-E decoys_final,,,,,36,510.03,7,O=C1C[C@@H](c2ccccc2)CC2=C1[C@@H](c1ccccc1)C=CN2,-7.969,-7.907,5,76.6,True,,,
DEC0008,CCc1ccc(cc1)OCc2nnc(n2CC(C)C)SCC(=O)Nc3ccc(cc3)CC(=O)[O-],CCc1ccc(OCc2nnc(SCC(=O)Nc3ccc(CC(=O)[O-])cc3)n2CC(C)C)cc1,,decoy,DUD-E decoys_final,,,,,34,481.6,12,O=C(CSc1nnc(COc2ccccc2)[nH]1)Nc1ccccc1,-8.592,-8.528,5,127.7,True,,,
DEC0009,CCCn1c2ccc(cc2nc1SCC(=O)Nc3cc(c(cc3OC)Cl)OC)S(=O)(=O)N,CCCn1c(SCC(=O)Nc2cc(OC)c(Cl)cc2OC)nc2cc(S(N)(=O)=O)ccc21,,decoy,DUD-E decoys_final,,,,,32,499.01,9,O=C(CSc1nc2ccccc2[nH]1)Nc1ccccc1,-8.034,-7.998,5,79.3,True,,,
DEC0010,CCOC(=O)C1=C(N=C2N([C@@H]1c3ccc(cc3)C)C(=CS2)/C=C(/NC[C@H]4CCCO4)\[O-])c5ccccc5,CCOC(=O)C1=C(c2ccccc2)N=C2SC=C(/C=C(\[O-])NC[C@H]3CCCO3)N2[C@@H]1c1ccc(C)cc1,,decoy,DUD-E decoys_final,,,,,37,516.64,8,C1=C(c2ccccc2)N=C2SC=C(/C=C/NC[C@H]3CCCO3)N2[C@@H]1c1ccccc1,-8.149,-8.079,5,95.2,True,,,
DEC0011,c1cc2cc(cc(c2nc1)NC(=O)c3ccnc(c3)F)Cl,O=C(Nc1cc(Cl)cc2cccnc12)c1ccnc(F)c1,,decoy,DUD-E decoys_final,,,,,21,301.71,2,O=C(Nc1cccc2cccnc12)c1ccncc1,-7.492,-7.364,5,12.7,True,,,
DEC0012,CCOc1cc(ccc1OCc2ccccc2F)/C=C/3\C(=O)N(/C(=N\c4ccc(cc4)C(=O)[O-])/S3)C,CCOc1cc(/C=C2/S/C(=N/c3ccc(C(=O)[O-])cc3)N(C)C2=O)ccc1OCc1ccccc1F,,decoy,DUD-E decoys_final,,,,,36,505.55,8,O=C1N/C(=N\c2ccccc2)S/C1=C/c1ccc(OCc2ccccc2)cc1,-8.67,-8.435,5,82.9,True,,,
DEC0013,Cc1c(cc(cc1S(=O)(=O)[N-]c2ccccc2Br)C(=O)[O-])F,Cc1c(F)cc(C(=O)[O-])cc1S(=O)(=O)[N-]c1ccccc1Br,,decoy,DUD-E decoys_final,,,,,22,386.2,4,O=S(=O)([N-]c1ccccc1)c1ccccc1,-7.737,-7.576,5,24.4,True,,,
DEC0014,CCCN(CC(=O)Nc1cc(nn1c2ccc(cc2)Cl)c3ccccc3)C(=O)Nc4ccc(cc4)Cl,CCCN(CC(=O)Nc1cc(-c2ccccc2)nn1-c1ccc(Cl)cc1)C(=O)Nc1ccc(Cl)cc1,,decoy,DUD-E decoys_final,,,,,36,522.44,8,O=C(CNC(=O)Nc1ccccc1)Nc1cc(-c2ccccc2)nn1-c1ccccc1,-8.991,-8.918,5,107.4,True,,,
DEC0015,Cc1ccc(c(c1)Br)OCC(=O)Oc2ccc(cc2Br)C(C)C,Cc1ccc(OCC(=O)Oc2ccc(C(C)C)cc2Br)c(Br)c1,,decoy,DUD-E decoys_final,,,,,23,442.15,5,O=C(COc1ccccc1)Oc1ccccc1,-6.079,-6.055,5,29.3,False,,,
DEC0016,c1ccc(cc1)CCNC(=O)CSc2nc([nH]n2)N/N=C/c3ccccc3OCc4ccccc4Cl,O=C(CSc1n[nH]c(N/N=C/c2ccccc2OCc2ccccc2Cl)n1)NCCc1ccccc1,,decoy,DUD-E decoys_final,,,,,36,521.05,12,O=C(CSc1n[nH]c(N/N=C/c2ccccc2OCc2ccccc2)n1)NCCc1ccccc1,-8.939,-8.684,5,166.1,True,,,
DEC0017,CCOc1ccc(cc1)[C@H](C(=O)NC(C)(C)C)N(Cc2ccc(cc2)F)C(=O)c3c(c(ns3)C(=O)N)N,CCOc1ccc([C@H](C(=O)NC(C)(C)C)N(Cc2ccc(F)cc2)C(=O)c2snc(C(N)=O)c2N)cc1,,decoy,DUD-E decoys_final,,,,,37,527.62,9,O=C(c1ccns1)N(Cc1ccccc1)Cc1ccccc1,-8.274,-7.967,5,146.8,True,,,
DEC0018,CCOc1ccc(cc1)NC(=O)CSc2nnc(n2N)N/N=C/c3ccc(cc3)N(C)C,CCOc1ccc(NC(=O)CSc2nnc(N/N=C/c3ccc(N(C)C)cc3)n2N)cc1,,decoy,DUD-E decoys_final,,,,,32,454.56,10,O=C(CSc1nnc(N/N=C/c2ccccc2)[nH]1)Nc1ccccc1,-8.029,-7.976,5,110.8,True,,,
DEC0019,CC1=C([C@@H](N2C(=CSC2=N1)/C=C(/NC[C@@H]3CCCO3)\[O-])c4ccc(cc4)Cl)C(=O)OCCOC,COCCOC(=O)C1=C(C)N=C2SC=C(/C=C(\[O-])NC[C@@H]3CCCO3)N2[C@H]1c1ccc(Cl)cc1,,decoy,DUD-E decoys_final,,,,,34,505.02,9,C1=C[C@H](c2ccccc2)N2C(/C=C/NC[C@@H]3CCCO3)=CSC2=N1,-7.63,-7.499,5,107.0,True,,,
DEC0020,CCCCOc1ccc(c(c1)C)c2c(cn(n2)c3ccccc3)/C=C\4/C(=O)N(C(=S)S4)CCC(=O)[O-],CCCCOc1ccc(-c2nn(-c3ccccc3)cc2/C=C2\SC(=S)N(CCC(=O)[O-])C2=O)c(C)c1,,decoy,DUD-E decoys_final,,,,,36,520.66,10,O=C1NC(=S)S/C1=C\c1cn(-c2ccccc2)nc1-c1ccccc1,-8.044,-7.968,5,104.3,True,,,
DEC0021,Cc1ccc(cc1)NC(=O)COc2ccc(cc2OC)/C=C(\CC(=O)[O-])/c3nc4ccccc4s3,COc1cc(/C=C(\CC(=O)[O-])c2nc3ccccc3s2)ccc1OCC(=O)Nc1ccc(C)cc1,,decoy,DUD-E decoys_final,,,,,35,487.56,9,O=C(COc1ccc(/C=C/c2nc3ccccc3s2)cc1)Nc1ccccc1,-8.193,-8.147,5,95.1,True,,,
DEC0022,CC(C)(C)c1ccc(cc1)C2=Nc3ccc(cc3C(=NN2)c4cccs4)Br,CC(C)(C)c1ccc(C2=Nc3ccc(Br)cc3C(c3cccs3)=NN2)cc1,,decoy,DUD-E decoys_final,,,,,27,438.39,2,c1ccc(C2=Nc3ccccc3C(c3cccs3)=NN2)cc1,-8.183,-8.171,5,21.9,True,,,
DEC0023,COC(=O)c1cnc(nc1CSc2nnc(n2CC=C)COc3ccc(cc3)Cl)N4CCCCC4,C=CCn1c(COc2ccc(Cl)cc2)nnc1SCc1nc(N2CCCCC2)ncc1C(=O)OC,,decoy,DUD-E decoys_final,,,,,35,515.04,10,c1ccc(OCc2nnc(SCc3ccnc(N4CCCCC4)n3)[nH]2)cc1,-7.47,-7.312,5,117.4,True,,,
DEC0024,CCCc1ccc(cc1)[C@@H](c2cccs2)NC(=O)CN3C(=O)[C@@](NC3=O)(C)c4ccc(cc4)F,CCCc1ccc([C@H](NC(=O)CN2C(=O)N[C@](C)(c3ccc(F)cc3)C2=O)c2cccs2)cc1,,decoy,DUD-E decoys_final,,,,,34,479.58,8,O=C(CN1C(=O)NC(c2ccccc2)C1=O)N[C@@H](c1ccccc1)c1cccs1,-8.543,-8.04,5,89.4,True,,,
DEC0025,CC(C)[C@@H](C(=O)Nc1ccc(cc1)S(=O)(=O)C)Nc2ccc(cc2Cl)C(F)(F)F,CC(C)[C@H](Nc1ccc(C(F)(F)F)cc1Cl)C(=O)Nc1ccc(S(C)(=O)=O)cc1,,decoy,DUD-E decoys_final,,,,,29,448.89,6,O=C(CNc1ccccc1)Nc1ccccc1,-8.206,-8.182,5,49.6,True,,,
DEC0026,Cc1ccccc1NS(=O)(=O)c2ccc(cc2)NC(=O)CCSc3nc([nH]n3)N/N=C(\C)/CC(C)C,C/C(CC(C)C)=N\Nc1nc(SCCC(=O)Nc2ccc(S(=O)(=O)Nc3ccccc3C)cc2)n[nH]1,,decoy,DUD-E decoys_final,,,,,36,529.69,12,O=C(CCSc1nc[nH]n1)Nc1ccc(S(=O)(=O)Nc2ccccc2)cc1,-8.116,-7.983,5,169.6,True,,,
DEC0027,CCn1c2ccc(cc2nc1CSc3nnc(n3CCC(=O)[O-])c4ccc(cc4)OC)C(=O)[O-],CCn1c(CSc2nnc(-c3ccc(OC)cc3)n2CCC(=O)[O-])nc2cc(C(=O)[O-])ccc21,,decoy,DUD-E decoys_final,,,,,34,479.52,10,c1ccc(-c2nnc(SCc3nc4ccccc4[nH]3)[nH]2)cc1,-7.647,-7.484,5,92.5,True,,,
DEC0028,CCn1c(c(c(c1C(=O)OC)C)C(=O)CN(CCN2CCOCC2)S(=O)(=O)/C=C/c3ccccc3)C,CCn1c(C)c(C(=O)CN(CCN2CCOCC2)S(=O)(=O)/C=C/c2ccccc2)c(C)c1C(=O)OC,,decoy,DUD-E decoys_final,,,,,36,517.65,11,O=C(CN(CCN1CCOCC1)S(=O)(=O)/C=C/c1ccccc1)c1cc[nH]c1,-8.14,-8.0,5,142.5,True,,,
DEC0029,c1ccc(cc1)CSc2nnc(s2)NC(=O)CSc3nc([nH]n3)N/N=C/c4ccccc4F,O=C(CSc1n[nH]c(N/N=C/c2ccccc2F)n1)Nc1nnc(SCc2ccccc2)s1,,decoy,DUD-E decoys_final,,,,,33,500.61,10,O=C(CSc1n[nH]c(N/N=C/c2ccccc2)n1)Nc1nnc(SCc2ccccc2)s1,-8.443,-8.433,5,116.9,True,,,
DEC0030,CCN\1C(=O)/C(=C/c2cc(c(cc2OCC)OCC)Br)/S/C1=N\c3cccc(c3)C(=O)[O-],CCOc1cc(OCC)c(/C=C2\S/C(=N\c3cccc(C(=O)[O-])c3)N(CC)C2=O)cc1Br,,decoy,DUD-E decoys_final,,,,,32,518.41,8,O=C1N/C(=N/c2ccccc2)S/C1=C\c1ccccc1,-8.289,-8.207,5,58.9,True,,,
DEC0031,CCCOc1ccc(cc1)C(=O)C2=C(C(=O)N([C@H]2c3cccc(c3)OCCC(C)C)CCOCCO)[O-],CCCOc1ccc(C(=O)C2=C([O-])C(=O)N(CCOCCO)[C@H]2c2cccc(OCCC(C)C)c2)cc1,,decoy,DUD-E decoys_final,,,,,37,510.61,15,O=C1C=C(C(=O)c2ccccc2)[C@H](c2ccccc2)N1,-7.561,-7.263,5,159.9,True,,,
DEC0032,COc1ccc(cc1OC)/C=C(\C(=O)NC2CCCCC2)/NC(=O)c3ccc(cc3)Br,COc1ccc(/C=C(/NC(=O)c2ccc(Br)cc2)C(=O)NC2CCCCC2)cc1OC,,decoy,DUD-E decoys_final,,,,,31,487.39,7,O=C(NC1CCCCC1)/C(=C\c1ccccc1)NC(=O)c1ccccc1,-7.909,-7.672,5,61.5,True,,,
DEC0033,CCOc1ccc(cc1)[C@H]2N=C(N=C3N2C(=CC(=C)N3)[O-])Nc4cccc(c4C)C,C=C1C=C([O-])N2C(=NC(Nc3cccc(C)c3C)=N[C@@H]2c2ccc(OCC)cc2)N1,,decoy,DUD-E decoys_final,,,,,30,402.48,4,C=C1C=CN2C(=NC(Nc3ccccc3)=N[C@@H]2c2ccccc2)N1,-8.718,-8.668,5,41.3,True,,,
DEC0034,CCCCOC(=O)C1=C(OC(=C([C@@]12c3ccccc3N(C2=O)CC(=O)OC)C(=O)OCCOC)C)N,CCCCOC(=O)C1=C(N)OC(C)=C(C(=O)OCCOC)[C@]12C(=O)N(CC(=O)OC)c1ccccc12,,decoy,DUD-E decoys_final,,,,,36,502.52,10,O=C1Nc2ccccc2C12C=COC=C2,-6.805,-6.597,4,124.5,False,,,
DEC0035,CN(c1ccc(cc1)OC(F)(F)F)C(=O)C2=CC3=[NH+][C@H](C[C@H](N3N2)C(F)(F)F)c4ccco4,CN(C(=O)C1=CC2=[NH+][C@@H](c3ccco3)C[C@@H](C(F)(F)F)N2N1)c1ccc(OC(F)(F)F)cc1,,decoy,DUD-E decoys_final,,,,,33,475.37,4,O=C(Nc1ccccc1)C1=CC2=[NH+][C@@H](c3ccco3)CCN2N1,-9.015,-8.937,5,73.0,True,,,
DEC0036,CCOc1cc(cc(c1OCc2ccc(cc2Cl)Cl)Cl)CNc3ccc(c(c3)C(=O)[O-])Cl,CCOc1cc(CNc2ccc(Cl)c(C(=O)[O-])c2)cc(Cl)c1OCc1ccc(Cl)cc1Cl,,decoy,DUD-E decoys_final,,,,,32,514.21,9,c1ccc(COc2ccc(CNc3ccccc3)cc2)cc1,-8.033,-8.025,5,77.6,True,,,
DEC0037,CCCCCn1c(=O)c2c3c(sc2nc1SCC(=O)Nc4cc(ccc4C)C(=O)[O-])CCCC3,CCCCCn1c(SCC(=O)Nc2cc(C(=O)[O-])ccc2C)nc2sc3c(c2c1=O)CCCC3,,decoy,DUD-E decoys_final,,,,,34,498.65,9,O=C(CSc1nc2sc3c(c2c(=O)[nH]1)CCCC3)Nc1ccccc1,-8.433,-8.299,5,85.3,True,,,
DEC0038,CCCOc1ccc(cc1OC)/C=C\2/C(=NC(=O)N(C2=O)c3cc(c(cc3Br)C)C)[O-],CCCOc1ccc(/C=C2\C(=O)N(c3cc(C)c(C)cc3Br)C(=O)N=C2[O-])cc1OC,,decoy,DUD-E decoys_final,,,,,31,486.34,6,O=C1N=C/C(=C/c2ccccc2)C(=O)N1c1ccccc1,-8.883,-8.532,5,48.4,True,,,
DEC0039,c1ccc2c(c1)cccc2/C=C\3/C(=O)N/C(=N\C4CCCC4)/S3,O=C1N/C(=N\C2CCCC2)S/C1=C\c1cccc2ccccc12,,decoy,DUD-E decoys_final,,,,,23,322.43,2,O=C1N/C(=N\C2CCCC2)S/C1=C\c1cccc2ccccc12,-9.01,-8.562,5,16.3,True,,,
DEC0040,c1ccc(cc1)[C@@H]2C(=c3ccccc3=[NH+]2)/C=N/N=C/4\NC(=O)[C@H](S4)CC(=O)Nc5ccc(cc5)Cl,O=C(C[C@H]1S/C(=N/N=C/C2=c3ccccc3=[NH+][C@@H]2c2ccccc2)NC1=O)Nc1ccc(Cl)cc1,,decoy,DUD-E decoys_final,,,,,35,503.01,6,O=C(C[C@H]1S/C(=N/N=C/C2=c3ccccc3=[NH+][C@@H]2c2ccccc2)NC1=O)Nc1ccccc1,-9.915,-9.897,5,84.4,True,,,
DEC0041,CCOC(=O)C1=C(N=C2CC(CC(=C2[C@@H]1c3ccc(cc3)Br)[O-])(C)C)C,CCOC(=O)C1=C(C)N=C2CC(C)(C)CC([O-])=C2[C@@H]1c1ccc(Br)cc1,,decoy,DUD-E decoys_final,,,,,26,417.32,3,C1=C[C@@H](c2ccccc2)C2=CCCCC2=N1,-7.518,-7.51,5,23.8,True,,,
DEC0042,CCn1c(c(c(n1)C)CCN/C(=N/C(=O)c2cc(c(c(c2)OC)OC)OC)/Nc3cccc(c3)F)C,CCn1nc(C)c(CCN/C(=N/C(=O)c2cc(OC)c(OC)c(OC)c2)Nc2cccc(F)c2)c1C,,decoy,DUD-E decoys_final,,,,,36,497.57,9,O=C(/N=C(/NCCc1cn[nH]c1)Nc1ccccc1)c1ccccc1,-8.476,-8.444,5,111.3,True,,,
DEC0043,CCC[C@H]1C[C@@H]([NH+](C1)C)C(=O)N[C@H]([C@H]2[C@H]([C@H]([C@@H]([C@@H](O2)SC)OP(=O)([O-])[O-])O)O)[C@H](C)Cl,CCC[C@H]1C[C@H](C(=O)N[C@H]([C@@H]2O[C@@H](SC)[C@@H](OP(=O)([O-])[O-])[C@H](O)[C@@H]2O)[C@H](C)Cl)[NH+](C)C1,,decoy,DUD-E decoys_final,,,,,31,503.96,9,O=C(NC[C@H]1CCCCO1)[C@H]1CCC[NH2+]1,-7.052,-6.952,5,84.4,True,,,
DEC0044,CC(=O)N(c1ccc(cc1F)F)c2nc(cs2)/C=N/Nc3ccc(c(c3)C(=O)[O-])Cl,CC(=O)N(c1nc(/C=N/Nc2ccc(Cl)c(C(=O)[O-])c2)cs1)c1ccc(F)cc1F,,decoy,DUD-E decoys_final,,,,,30,449.85,6,C(=N\Nc1ccccc1)/c1csc(Nc2ccccc2)n1,-9.041,-8.878,5,54.5,True,,,
DEC0045,Cc1c2c(n(n1)c3ccccc3)N=C4C(=Nc5ccccc5N4[C@H]2c6ccc(cc6)C(C)C)Nc7ccc(cc7)NC(=O)C,CC(=O)Nc1ccc(NC2=Nc3ccccc3N3C2=Nc2c(c(C)nn2-c2ccccc2)[C@@H]3c2ccc(C(C)C)cc2)cc1,,decoy,DUD-E decoys_final,,,,,44,579.71,5,c1ccc(NC2=Nc3ccccc3N3C2=Nc2c(cnn2-c2ccccc2)[C@@H]3c2ccccc2)cc1,-10.921,-10.649,5,111.3,True,,,
DEC0046,CC1=C([C@H](N2C(=CSC2=N1)/C=C(/NCc3ccc(cc3)F)\[O-])c4ccccc4OC)C(=O)OCCOC,COCCOC(=O)C1=C(C)N=C2SC=C(/C=C(\[O-])NCc3ccc(F)cc3)N2[C@@H]1c1ccccc1OC,,decoy,DUD-E decoys_final,,,,,37,524.59,10,C1=C[C@@H](c2ccccc2)N2C(/C=C/NCc3ccccc3)=CSC2=N1,-8.067,-7.949,5,141.5,True,,,
DEC0047,c1ccc(cc1)/C=C/C(=O)N2CCN(CC2)c3ccc(cc3Cl)NC(=S)NC(=O)c4cccc(c4)F,O=C(NC(=S)Nc1ccc(N2CCN(C(=O)/C=C/c3ccccc3)CC2)c(Cl)c1)c1cccc(F)c1,,decoy,DUD-E decoys_final,,,,,36,523.03,5,O=C(NC(=S)Nc1ccc(N2CCN(C(=O)/C=C/c3ccccc3)CC2)cc1)c1ccccc1,-8.993,-8.842,5,68.5,True,,,
DEC0048,CC(C)CCNC(=O)CN(c1ccc(c(c1)Cl)F)C(=O)Cn2nc(nn2)c3ccc(c(c3)OC)OC,COc1ccc(-c2nnn(CC(=O)N(CC(=O)NCCC(C)C)c3ccc(F)c(Cl)c3)n2)cc1OC,,decoy,DUD-E decoys_final,,,,,36,518.98,11,O=C(Cn1nnc(-c2ccccc2)n1)Nc1ccccc1,-7.647,-7.631,5,143.7,True,,,
DEC0049,Cc1cc(nc(n1)N/C(=N/C(=S)Nc2ccc(cc2)C(F)(F)F)/NCCc3ccc(cc3)Cl)C,Cc1cc(C)nc(N/C(=N/C(=S)Nc2ccc(C(F)(F)F)cc2)NCCc2ccc(Cl)cc2)n1,,decoy,DUD-E decoys_final,,,,,34,506.99,5,S=C(/N=C(\NCCc1ccccc1)Nc1ncccn1)Nc1ccccc1,-8.115,-8.077,5,94.4,True,,,
DEC0050,CCOC(=O)c1c(csc1/N=C/c2c3c(cc(c2[O-])[N+](=O)[O-])oc4c3CCCC4)c5ccc(cc5C)C,CCOC(=O)c1c(-c2ccc(C)cc2C)csc1/N=C/c1c([O-])c([N+](=O)[O-])cc2oc3c(c12)CCCC3,,decoy,DUD-E decoys_final,,,,,37,517.58,6,C(=N\c1cc(-c2ccccc2)cs1)/c1cccc2oc3c(c12)CCCC3,-8.978,-8.894,5,73.6,True,,,
DEC0051,CCCCCCOc1ccc(cc1)c2c(cn(n2)c3ccccc3)/C=C/4\C(=O)N(C(=S)S4)CCOC,CCCCCCOc1ccc(-c2nn(-c3ccccc3)cc2/C=C2/SC(=S)N(CCOC)C2=O)cc1,,decoy,DUD-E decoys_final,,,,,36,521.71,12,O=C1NC(=S)S/C1=C/c1cn(-c2ccccc2)nc1-c1ccccc1,-7.43,-7.346,5,137.1,True,,,
DEC0052,CC(C)Cn1c(c(c(=O)[nH]c1=O)N(CCOC)C(=O)CSc2nc3ccc(cc3s2)[N+](=O)[O-])N,COCCN(C(=O)CSc1nc2ccc([N+](=O)[O-])cc2s1)c1c(N)n(CC(C)C)c(=O)[nH]c1=O,,decoy,DUD-E decoys_final,,,,,34,508.58,10,O=C(CSc1nc2ccccc2s1)Nc1c[nH]c(=O)[nH]c1=O,-7.156,-7.08,5,120.1,True,,,
DEC0053,CCOc1ccc(c(c1)[C@@H]2C(=C(NC(=O)N2)CSc3nnnn3c4ccccc4)C(=O)OCC)OCC,CCOC(=O)C1=C(CSc2nnnn2-c2ccccc2)NC(=O)N[C@@H]1c1cc(OCC)ccc1OCC,,decoy,DUD-E decoys_final,,,,,37,524.6,11,O=C1NC(CSc2nnnn2-c2ccccc2)=C[C@@H](c2ccccc2)N1,-8.087,-7.952,5,147.5,True,,,
DEC0054,CCOC(=O)c1c(c(sc1NC(=O)COC(=O)c2ccc3c(c2)nc4n(c3=O)CCC4)C)c5ccc(cc5)C,CCOC(=O)c1c(NC(=O)COC(=O)c2ccc3c(=O)n4c(nc3c2)CCC4)sc(C)c1-c1ccc(C)cc1,,decoy,DUD-E decoys_final,,,,,39,545.62,7,O=C(COC(=O)c1ccc2c(=O)n3c(nc2c1)CCC3)Nc1cc(-c2ccccc2)cs1,-9.5,-9.419,5,147.1,True,,,
DEC0055,Cc1ccc(cc1)c2cc(c3ccccc3n2)c4nnc5n4N=C([C@H](S5)CC(=O)[O-])c6ccccc6,Cc1ccc(-c2cc(-c3nnc4n3N=C(c3ccccc3)[C@@H](CC(=O)[O-])S4)c3ccccc3n2)cc1,,decoy,DUD-E decoys_final,,,,,36,490.57,5,c1ccc(C2=Nn3c(nnc3-c3cc(-c4ccccc4)nc4ccccc34)SC2)cc1,-10.312,-9.936,5,66.3,True,,,
DEC0056,CCOC(=O)[C@H]1[C@H](SC(=C1C)C(=O)OCC)NC(=O)CSc2nnc3n2c4c(c(n3)[O-])CCCC4,CCOC(=O)C1=C(C)[C@@H](C(=O)OCC)[C@@H](NC(=O)CSc2nnc3nc([O-])c4c(n23)CCCC4)S1,,decoy,DUD-E decoys_final,,,,,35,520.61,8,O=C(CSc1nnc2ncc3c(n12)CCCC3)N[C@@H]1CC=CS1,-7.751,-7.678,5,115.7,True,,,
DEC0057,CCCC[NH+](CCCC)CCCNc1c(nc(o1)c2ccc(cc2)OCc3ccccc3Cl)C#N,CCCC[NH+](CCCC)CCCNc1oc(-c2ccc(OCc3ccccc3Cl)cc2)nc1C#N,,decoy,DUD-E decoys_final,,,,,35,496.08,15,c1ccc(COc2ccc(-c3ncco3)cc2)cc1,-7.071,-6.896,5,153.5,True,,,
DEC0058,Cc1c(cccc1Cl)S(=O)(=O)N[C@@H](C)c2ccc(cc2)C(C)C,Cc1c(Cl)cccc1S(=O)(=O)N[C@@H](C)c1ccc(C(C)C)cc1,,decoy,DUD-E decoys_final,,,,,23,351.9,5,O=S(=O)(NCc1ccccc1)c1ccccc1,-7.541,-7.432,5,27.4,True,,,
DEC0059,C[C@@H]1CCCCN1c2c(c(ncn2)NNC(=O)COc3ccc(cc3Cl)Cl)N,C[C@@H]1CCCCN1c1ncnc(NNC(=O)COc2ccc(Cl)cc2Cl)c1N,,decoy,DUD-E decoys_final,,,,,28,425.32,6,O=C(COc1ccccc1)NNc1cc(N2CCCCC2)ncn1,-7.976,-7.969,5,58.3,True,,,
DEC0060,COc1ccc(cc1)NC(=O)CS[C@H]2NN[C@@H](N2N)[C@@H]3C=C(N=N3)c4ccc(cc4)Cl,COc1ccc(NC(=O)CS[C@H]2NN[C@H]([C@@H]3C=C(c4ccc(Cl)cc4)N=N3)N2N)cc1,,decoy,DUD-E decoys_final,,,,,31,459.96,7,O=C(CS[C@H]1NN[C@H]([C@@H]2C=C(c3ccccc3)N=N2)N1)Nc1ccccc1,-9.385,-8.997,5,91.2,True,,,
DEC0061,CC[NH+](CC)CCC[C@H](C)NC(=O)c1csc(n1)CN(CCOC)C(=O)Nc2ccc(cc2)Cl,CC[NH+](CC)CCC[C@H](C)NC(=O)c1csc(CN(CCOC)C(=O)Nc2ccc(Cl)cc2)n1,,decoy,DUD-E decoys_final,,,,,34,511.11,14,O=C(NCc1nccs1)Nc1ccccc1,-6.985,-6.724,5,153.0,False,,,
DEC0062,c1cc(ccc1[C@@H]2c3cc(ccc3CCN2C(=O)C4CC4)OCc5ccc(o5)C(=O)NCC[NH+]6CCCC6)F,O=C(NCC[NH+]1CCCC1)c1ccc(COc2ccc3c(c2)[C@@H](c2ccc(F)cc2)N(C(=O)C2CC2)CC3)o1,,decoy,DUD-E decoys_final,,,,,39,532.64,9,O=C(NCC[NH+]1CCCC1)c1ccc(COc2ccc3c(c2)[C@@H](c2ccccc2)N(C(=O)C2CC2)CC3)o1,-9.195,-9.026,5,162.4,True,,,
DEC0063,CC1=C([C@@H](n2c(=O)/c(=C/C=C/c3ccccc3)/sc2=N1)c4ccc(cc4)OC(=O)c5ccco5)C(=O)OCC=C,C=CCOC(=O)C1=C(C)N=c2s/c(=C\C=C\c3ccccc3)c(=O)n2[C@H]1c1ccc(OC(=O)c2ccco2)cc1,,decoy,DUD-E decoys_final,,,,,40,552.61,8,O=C(Oc1ccc([C@H]2C=CN=c3s/c(=C\C=C\c4ccccc4)c(=O)n32)cc1)c1ccco1,-8.913,-8.674,5,115.9,True,,,
DEC0064,CC(C)Cn1c(=O)c2c(csc2nc1SCC(=O)Nc3ccc(cc3)C(=O)[O-])c4cccs4,CC(C)Cn1c(SCC(=O)Nc2ccc(C(=O)[O-])cc2)nc2scc(-c3cccs3)c2c1=O,,decoy,DUD-E decoys_final,,,,,33,498.63,8,O=C(CSc1nc2scc(-c3cccs3)c2c(=O)[nH]1)Nc1ccccc1,-7.957,-7.926,5,77.5,True,,,
DEC0065,CC[C@@H](C)c1ccc(cc1)C(=O)c2ccc(cc2)N3CCCC3,CC[C@@H](C)c1ccc(C(=O)c2ccc(N3CCCC3)cc2)cc1,,decoy,DUD-E decoys_final,,,,,23,307.44,5,O=C(c1ccccc1)c1ccc(N2CCCC2)cc1,-7.45,-7.441,5,24.9,True,,,
DEC0066,Cc1ccc(cc1)c2nc(c(o2)C)CS[C@@H]3N=NC(=O)[C@@H]4N3N[C@@H](C4)c5cccs5,Cc1ccc(-c2nc(CS[C@@H]3N=NC(=O)[C@H]4C[C@@H](c5cccs5)NN43)c(C)o2)cc1,,decoy,DUD-E decoys_final,,,,,30,439.57,5,O=C1N=N[C@@H](SCc2coc(-c3ccccc3)n2)N2N[C@H](c3cccs3)C[C@H]12,-9.6,-9.32,5,50.7,True,,,
DEC0067,Cc1ccc(cc1)[C@@H]2[C@@H](C(=NC(=C2C#N)SCC(=O)Nc3ccc(cc3)F)[O-])C(=O)OC,COC(=O)[C@@H]1C([O-])=NC(SCC(=O)Nc2ccc(F)cc2)=C(C#N)[C@@H]1c1ccc(C)cc1,,decoy,DUD-E decoys_final,,,,,32,452.49,6,O=C(CSC1=C[C@H](c2ccccc2)CC=N1)Nc1ccccc1,-8.974,-8.534,5,72.7,True,,,
DEC0068,CC/C=C\CC1=C(C(CC1)(n2ccc3c2cccc3)n4ccc5c4cccc5)C,CC/C=C\CC1=C(C)C(n2ccc3ccccc32)(n2ccc3ccccc32)CC1,,decoy,DUD-E decoys_final,,,,,29,380.54,5,C1=CC(n2ccc3ccccc32)(n2ccc3ccccc32)CC1,-8.53,-8.375,5,51.1,True,,,
DEC0069,CN(C)c1ccc(cc1)[C@@H](CNC(=O)C(=O)NCCC2=CCCCC2)N3CCN(CC3)c4ccccc4,CN(C)c1ccc([C@@H](CNC(=O)C(=O)NCCC2=CCCCC2)N2CCN(c3ccccc3)CC2)cc1,,decoy,DUD-E decoys_final,,,,,37,503.69,9,O=C(NCCC1=CCCCC1)C(=O)NC[C@H](c1ccccc1)N1CCN(c2ccccc2)CC1,-9.035,-8.987,5,136.7,True,,,
DEC0070,CCCCOc1ccc(cc1OC)[C@H]2C(=C(C(=O)N2Cc3ccco3)[O-])C(=O)c4ccc(cc4)Cl,CCCCOc1ccc([C@H]2C(C(=O)c3ccc(Cl)cc3)=C([O-])C(=O)N2Cc2ccco2)cc1OC,,decoy,DUD-E decoys_final,,,,,35,494.95,10,O=C(C1=CC(=O)N(Cc2ccco2)[C@H]1c1ccccc1)c1ccccc1,-8.571,-8.105,5,107.7,True,,,
DEC0071,CCCCOc1ccc(cc1OC)/C=C/C(=O)Nc2cc(ccc2C)C(=O)NCC(F)(F)F,CCCCOc1ccc(/C=C/C(=O)Nc2cc(C(=O)NCC(F)(F)F)ccc2C)cc1OC,,decoy,DUD-E decoys_final,,,,,33,464.48,10,O=C(/C=C/c1ccccc1)Nc1ccccc1,-7.531,-7.495,5,85.5,True,,,
DEC0072,COc1ccc(cc1)/C=C/C2=N/C(=C\c3ccc(c(c3)OC)OC)/C(=O)N2c4ccc(cc4)C(=O)[O-],COc1ccc(/C=C/C2=NC(=C\c3ccc(OC)c(OC)c3)/C(=O)N2c2ccc(C(=O)[O-])cc2)cc1,,decoy,DUD-E decoys_final,,,,,36,483.5,8,O=C1/C(=C/c2ccccc2)N=C(/C=C/c2ccccc2)N1c1ccccc1,-9.286,-9.015,5,70.0,True,,,
DEC0073,CCCCC1CCC(CC1)C(=O)Nc2nnc(s2)SCC(=O)Nc3ccccc3OCC,CCCCC1CCC(C(=O)Nc2nnc(SCC(=O)Nc3ccccc3OCC)s2)CC1,,decoy,DUD-E decoys_final,,,,,32,476.67,11,O=C(CSc1nnc(NC(=O)C2CCCCC2)s1)Nc1ccccc1,-8.275,-8.263,5,103.1,True,,,
DEC0074,CCCOc1ccc(cc1)C(=O)C2=C(C(=O)N([C@H]2c3ccc(cc3)F)c4nnc(s4)SCC)[O-],CCCOc1ccc(C(=O)C2=C([O-])C(=O)N(c3nnc(SCC)s3)[C@H]2c2ccc(F)cc2)cc1,,decoy,DUD-E decoys_final,,,,,34,498.58,9,O=C(C1=CC(=O)N(c2nncs2)[C@H]1c1ccccc1)c1ccccc1,-8.218,-8.15,5,83.4,True,,,
DEC0075,Cc1cc(cc(c1)n2c(=O)c3ccccc3nc2SCC(=O)Nc4cc(ccc4C(=O)[O-])F)C,Cc1cc(C)cc(-n2c(SCC(=O)Nc3cc(F)ccc3C(=O)[O-])nc3ccccc3c2=O)c1,,decoy,DUD-E decoys_final,,,,,34,476.51,6,O=C(CSc1nc2ccccc2c(=O)n1-c1ccccc1)Nc1ccccc1,-9.44,-9.287,5,79.5,True,,,
DEC0076,Cc1ccc(cc1NC(=O)CSc2nnc(n2[C@@H]3CCCC[C@@H]3C)c4ccc(cc4)OC)C(=O)[O-],COc1ccc(-c2nnc(SCC(=O)Nc3cc(C(=O)[O-])ccc3C)n2[C@@H]2CCCC[C@@H]2C)cc1,,decoy,DUD-E decoys_final,,,,,35,493.61,8,O=C(CSc1nnc(-c2ccccc2)n1C1CCCCC1)Nc1ccccc1,-9.494,-9.351,5,107.9,True,,,
DEC0077,Cc1c(cccc1Cl)n2ccnc2SCC(=O)Nc3c(c4c(s3)CCC4)C(=O)N,Cc1c(Cl)cccc1-n1ccnc1SCC(=O)Nc1sc2c(c1C(N)=O)CCC2,,decoy,DUD-E decoys_final,,,,,29,446.99,6,O=C(CSc1nccn1-c1ccccc1)Nc1cc2c(s1)CCC2,-8.028,-8.0,5,62.8,True,,,
DEC0078,CCOc1cc(cc(c1OCc2ccccc2Cl)Cl)C[NH2+]CCNc3ccc(cc3)[N+](=O)[O-],CCOc1cc(C[NH2+]CCNc2ccc([N+](=O)[O-])cc2)cc(Cl)c1OCc1ccccc1Cl,,decoy,DUD-E decoys_final,,,,,33,491.4,12,c1ccc(COc2ccc(C[NH2+]CCNc3ccccc3)cc2)cc1,-7.862,-7.796,5,136.9,True,,,
DEC0079,Cc1cccc(c1C)NC(=S)NNC(=O)c2cc3n(n2)[C@@H](C[C@H](N3)c4ccc(c(c4)C)C)C(F)(F)F,Cc1ccc([C@@H]2C[C@@H](C(F)(F)F)n3nc(C(=O)NNC(=S)Nc4cccc(C)c4C)cc3N2)cc1C,,decoy,DUD-E decoys_final,,,,,36,516.59,3,O=C(NNC(=S)Nc1ccccc1)c1cc2n(n1)CC[C@@H](c1ccccc1)N2,-9.343,-9.285,5,93.7,True,,,
DEC0080,CCCn1c(=O)c2ccccc2c(n1)C(=O)NNC(=S)Nc3cc(ccc3Cl)C(F)(F)F,CCCn1nc(C(=O)NNC(=S)Nc2cc(C(F)(F)F)ccc2Cl)c2ccccc2c1=O,,decoy,DUD-E decoys_final,,,,,32,483.9,4,O=C(NNC(=S)Nc1ccccc1)c1n[nH]c(=O)c2ccccc12,-8.724,-8.433,5,80.7,True,,,
DEC0081,c1cc(cc(c1)F)c2c3nc(c4ccc(cc4n3nn2)C(=O)NCCc5ccc(cc5)Cl)[O-],O=C(NCCc1ccc(Cl)cc1)c1ccc2c([O-])nc3c(-c4cccc(F)c4)nnn3c2c1,,decoy,DUD-E decoys_final,,,,,33,460.88,5,O=C(NCCc1ccccc1)c1ccc2cnc3c(-c4ccccc4)nnn3c2c1,-10.519,-10.518,5,64.8,True,,,
DEC0082,Cc1c(c(n(n1)COc2ccc(cc2Cl)Cl)C)NC(=O)[C@H]3CCCC[C@H]3C(=O)[O-],Cc1nn(COc2ccc(Cl)cc2Cl)c(C)c1NC(=O)[C@H]1CCCC[C@H]1C(=O)[O-],,decoy,DUD-E decoys_final,,,,,29,439.32,6,O=C(Nc1cnn(COc2ccccc2)c1)C1CCCCC1,-8.389,-8.372,5,57.8,True,,,
DEC0083,COCCS(=O)(=O)[N-]c1cc(ccc1N)F,COCCS(=O)(=O)[N-]c1cc(F)ccc1N,,decoy,DUD-E decoys_final,,,,,16,247.27,5,c1ccccc1,-5.556,-5.082,5,21.3,False,,,
DEC0084,COc1ccc(cc1OC)NC(=O)CSc2ccccc2C(=O)NCCCOc3ccccc3F,COc1ccc(NC(=O)CSc2ccccc2C(=O)NCCCOc2ccccc2F)cc1OC,,decoy,DUD-E decoys_final,,,,,35,498.58,12,O=C(CSc1ccccc1C(=O)NCCCOc1ccccc1)Nc1ccccc1,-7.94,-7.925,5,173.2,True,,,
DEC0085,CCCOCCN1C(=O)[C@H]2[C@@H](N[C@@]([C@@H]2C1=O)(Cc3ccc(cc3)[N+](=O)[O-])C(=O)[O-])c4ccccc4OC,CCCOCCN1C(=O)[C@@H]2[C@@H](C1=O)[C@](Cc1ccc([N+](=O)[O-])cc1)(C(=O)[O-])N[C@H]2c1ccccc1OC,,decoy,DUD-E decoys_final,,,,,37,510.52,11,O=C1NC(=O)[C@H]2C(Cc3ccccc3)N[C@@H](c3ccccc3)[C@H]12,-8.013,-7.941,5,151.0,True,,,
DEC0086,CCOc1ccc2cc(c(nc2c1)Cl)[C@@H]3C=C(NN3C(=O)CCC(=O)[O-])c4ccccc4,CCOc1ccc2cc([C@@H]3C=C(c4ccccc4)NN3C(=O)CCC(=O)[O-])c(Cl)nc2c1,,decoy,DUD-E decoys_final,,,,,32,450.9,7,C1=C(c2ccccc2)NN[C@@H]1c1cnc2ccccc2c1,-8.725,-8.707,5,67.9,True,,,
DEC0087,Cc1cc(ccc1NC2CC(C2)c3cccc(c3)F)Br,Cc1cc(Br)ccc1NC1CC(c2cccc(F)c2)C1,,decoy,DUD-E decoys_final,,,,,20,334.23,3,c1ccc(NC2CC(c3ccccc3)C2)cc1,-7.27,-7.24,5,19.0,True,,,
DEC0088,CCc1c(sc2c1c(=O)n(c(n2)N3CC[NH+](CC3)CC(=O)N)CC(=O)Nc4cccc5c4cccc5)C,CCc1c(C)sc2nc(N3CC[NH+](CC(N)=O)CC3)n(CC(=O)Nc3cccc4ccccc34)c(=O)c12,,decoy,DUD-E decoys_final,,,,,37,519.65,7,O=C(Cn1c(N2CC[NH2+]CC2)nc2sccc2c1=O)Nc1cccc2ccccc12,-9.869,-9.691,5,116.6,True,,,
DEC0089,c1cc(c(cc1n2c(cc(n2)c3cc(c(cc3Cl)Cl)F)C(=O)[O-])Cl)F,O=C([O-])c1cc(-c2cc(F)c(Cl)cc2Cl)nn1-c1ccc(F)c(Cl)c1,,decoy,DUD-E decoys_final,,,,,25,402.59,3,c1ccc(-c2ccn(-c3ccccc3)n2)cc1,-8.111,-7.955,5,21.7,True,,,
DEC0090,CCCCOC(=O)C1=C(Nc2nc(nn2[C@H]1c3ccccc3OCc4ccccc4)SCCCC)C,CCCCOC(=O)C1=C(C)Nc2nc(SCCCC)nn2[C@H]1c1ccccc1OCc1ccccc1,,decoy,DUD-E decoys_final,,,,,36,506.67,12,C1=C[C@H](c2ccccc2OCc2ccccc2)n2ncnc2N1,-7.985,-7.697,5,152.6,True,,,
DEC0091,CCOc1ccc(cc1OCC)[C@H]2C(=C(C(=O)N2CCOCCO)[O-])C(=O)c3ccc(cc3)OCC(C)C,CCOc1ccc([C@H]2C(C(=O)c3ccc(OCC(C)C)cc3)=C([O-])C(=O)N2CCOCCO)cc1OCC,,decoy,DUD-E decoys_final,,,,,38,526.61,15,O=C1C=C(C(=O)c2ccccc2)[C@H](c2ccccc2)N1,-7.352,-7.275,5,193.7,True,,,
DEC0092,c1cc(cc(c1)OCCNC(=O)CCc2[nH]c(=O)c3c4c(sc3n2)CCCCC4)C(F)(F)F,O=C(CCc1nc2sc3c(c2c(=O)[nH]1)CCCCC3)NCCOc1cccc(C(F)(F)F)c1,,decoy,DUD-E decoys_final,,,,,33,479.52,7,O=C(CCc1nc2sc3c(c2c(=O)[nH]1)CCCCC3)NCCOc1ccccc1,-6.683,-6.678,5,215.1,False,,,
DEC0093,COCCOc1cc(c(cc1OC)C(=O)[O-])NC(=O)/C=C/c2ccc(c(c2)OC)OC(F)F,COCCOc1cc(NC(=O)/C=C/c2ccc(OC(F)F)c(OC)c2)c(C(=O)[O-])cc1OC,,decoy,DUD-E decoys_final,,,,,33,466.41,12,O=C(/C=C/c1ccccc1)Nc1ccccc1,-6.691,-6.683,5,101.5,False,,,
DEC0094,CCOc1ccc(c(c1)OCC)/C=C\2/C(=C(/C(=N/c3ccc(cc3)Br)/S2)C(=O)OCC)[O-],CCOC(=O)C1=C([O-])C(=C/c2ccc(OCC)cc2OCC)/S/C1=N\c1ccc(Br)cc1,,decoy,DUD-E decoys_final,,,,,32,517.42,8,C1=CC(=N/c2ccccc2)/S/C1=C\c1ccccc1,-8.104,-8.049,5,74.5,True,,,
DEC0095,c1ccc2c(c1)N(C[C@@H](O2)C(=O)N3CCCCC3)CC(=O)N[C@@H](c4ccc(cc4)F)c5cccs5,O=C(CN1C[C@H](C(=O)N2CCCCC2)Oc2ccccc21)N[C@@H](c1ccc(F)cc1)c1cccs1,,decoy,DUD-E decoys_final,,,,,35,493.6,6,O=C(CN1C[C@H](C(=O)N2CCCCC2)Oc2ccccc21)N[C@@H](c1ccccc1)c1cccs1,-10.101,-9.995,5,95.9,True,,,
DEC0096,Cc1cc(ccc1NC(=O)[C@H]2CC(=O)Nc3c2c(=O)[nH]c(n3)N4CCC(CC4)C(=O)N)[N+](=O)[O-],Cc1cc([N+](=O)[O-])ccc1NC(=O)[C@H]1CC(=O)Nc2nc(N3CCC(C(N)=O)CC3)[nH]c(=O)c21,,decoy,DUD-E decoys_final,,,,,34,469.46,5,O=C1C[C@H](C(=O)Nc2ccccc2)c2c(nc(N3CCCCC3)[nH]c2=O)N1,-8.754,-8.606,5,64.0,True,,,
DEC0097,COc1ccccc1NC(=O)CCSc2nc([nH]n2)N/N=C/c3ccc(o3)OCc4ccc(cc4)F,COc1ccccc1NC(=O)CCSc1n[nH]c(N/N=C/c2ccc(OCc3ccc(F)cc3)o2)n1,,decoy,DUD-E decoys_final,,,,,36,510.55,12,O=C(CCSc1n[nH]c(N/N=C/c2ccc(OCc3ccccc3)o2)n1)Nc1ccccc1,-8.832,-8.539,5,186.8,True,,,
DEC0098,COc1cc(cc(c1OC)OC)c2nnc(n2N)SCC(=O)Nc3ccc(cc3)S(=O)(=O)N,COc1cc(-c2nnc(SCC(=O)Nc3ccc(S(N)(=O)=O)cc3)n2N)cc(OC)c1OC,,decoy,DUD-E decoys_final,,,,,33,494.56,9,O=C(CSc1nnc(-c2ccccc2)[nH]1)Nc1ccccc1,-7.399,-7.358,5,123.2,True,,,
DEC0099,CCC(=O)Nc1nc2ccc(cc2s1)NC(=S)NC(=O)c3cccc4c3cccc4Br,CCC(=O)Nc1nc2ccc(NC(=S)NC(=O)c3cccc4c(Br)cccc34)cc2s1,,decoy,DUD-E decoys_final,,,,,31,513.44,4,O=C(NC(=S)Nc1ccc2ncsc2c1)c1cccc2ccccc12,-9.692,-9.369,5,51.6,True,,,
DEC0100,CCN(CC)c1ccc(cc1)[C@@H]2CC(=Nc3ccccc3N2)C(=O)c4c(cc(oc4=O)C)[O-],CCN(CC)c1ccc([C@@H]2CC(C(=O)c3c([O-])cc(C)oc3=O)=Nc3ccccc3N2)cc1,,decoy,DUD-E decoys_final,,,,,33,444.51,6,O=C(C1=Nc2ccccc2N[C@H](c2ccccc2)C1)c1cccoc1=O,-7.53,-7.229,5,204.9,True,,,
DEC0101,Cc1ccc(cc1)NC(=O)Cc2nc(cs2)CN3CC[NH+](CC3)CC(=O)Nc4ccccc4Cl,Cc1ccc(NC(=O)Cc2nc(CN3CC[NH+](CC(=O)Nc4ccccc4Cl)CC3)cs2)cc1,,decoy,DUD-E decoys_final,,,,,34,499.06,8,O=C(Cc1nc(CN2CC[NH+](CC(=O)Nc3ccccc3)CC2)cs1)Nc1ccccc1,-8.464,-8.361,5,110.3,True,,,
DEC0102,CC(C)(C)c1ccc(cc1)c2nc3ccccc3c(=O)n2NC(=O)/C(=C/c4ccc(cc4)OC)/C#N,COc1ccc(/C=C(\C#N)C(=O)Nn2c(-c3ccc(C(C)(C)C)cc3)nc3ccccc3c2=O)cc1,,decoy,DUD-E decoys_final,,,,,36,478.55,5,O=C(/C=C/c1ccccc1)Nn1c(-c2ccccc2)nc2ccccc2c1=O,-9.504,-8.802,5,79.3,True,,,
DEC0103,Cc1ccc(cc1)C2=NN=C3[C@@H]2C(=CC(=N3)c4cc(ccc4F)Br)C(=O)[O-],Cc1ccc(C2=NN=C3N=C(c4cc(Br)ccc4F)C=C(C(=O)[O-])[C@@H]32)cc1,,decoy,DUD-E decoys_final,,,,,27,425.24,3,C1=C[C@H]2C(=NN=C2c2ccccc2)N=C1c1ccccc1,-8.89,-8.331,5,30.0,True,,,
DEC0104,CCc1ccccc1[n+]2c(c3c(n[nH]c3nc2SCC(=O)Nc4cc(c(cc4OC)OC)Cl)C)N,CCc1ccccc1-[n+]1c(SCC(=O)Nc2cc(Cl)c(OC)cc2OC)nc2[nH]nc(C)c2c1N,,decoy,DUD-E decoys_final,,,,,35,514.03,8,O=C(CSc1nc2[nH]ncc2c[n+]1-c1ccccc1)Nc1ccccc1,-8.645,-8.592,5,106.6,True,,,
DEC0105,Cc1cc(c(n1CCc2cccs2)C)C(=O)COC(=O)c3c(c(c(c(n3)Cl)Cl)N)Cl,Cc1cc(C(=O)COC(=O)c2nc(Cl)c(Cl)c(N)c2Cl)c(C)n1CCc1cccs1,,decoy,DUD-E decoys_final,,,,,30,486.81,7,O=C(COC(=O)c1ccccn1)c1ccn(CCc2cccs2)c1,-7.373,-7.334,5,81.5,True,,,
DEC0106,C[C@@H]1c2c(sc(n2)Nc3cc(ccc3OC)OC)C[C@]4([C@H]1[C@H]([C@@H](CC4)[C@H](C)C(=O)N5CC[NH+](CC5)C)O)C,COc1ccc(OC)c(Nc2nc3c(s2)C[C@]2(C)CC[C@@H]([C@H](C)C(=O)N4CC[NH+](C)CC4)[C@H](O)[C@H]2[C@@H]3C)c1,,decoy,DUD-E decoys_final,,,,,38,543.75,6,O=C(C[C@@H]1CCC2Cc3sc(Nc4ccccc4)nc3C[C@@H]2C1)N1CC[NH2+]CC1,-8.717,-8.492,5,87.8,True,,,
DEC0107,c1ccc2c(c1)/C(=C/3\NN=C(N3c4ccc(cc4)F)SCC(=O)Nc5nc6ccccc6s5)/C=N2,O=C(CSC1=NN/C(=C2/C=Nc3ccccc32)N1c1ccc(F)cc1)Nc1nc2ccccc2s1,,decoy,DUD-E decoys_final,,,,,35,500.58,4,O=C(CSC1=NN/C(=C2/C=Nc3ccccc32)N1c1ccccc1)Nc1nc2ccccc2s1,-10.317,-10.297,5,72.5,True,,,
DEC0108,CCc1cccc(c1Nc2nnc(s2)SCC(=O)Nc3cc(c(c(c3)OC)OC)OC)CC,CCc1cccc(CC)c1Nc1nnc(SCC(=O)Nc2cc(OC)c(OC)c(OC)c2)s1,,decoy,DUD-E decoys_final,,,,,33,488.64,11,O=C(CSc1nnc(Nc2ccccc2)s1)Nc1ccccc1,-7.284,-7.191,5,100.4,True,,,
DEC0109,C[NH+]1CCN(CC1)Cc2ccc(cc2)c3nc(cs3)CC(=O)Nc4ccc(cc4)C(=O)N,C[NH+]1CCN(Cc2ccc(-c3nc(CC(=O)Nc4ccc(C(N)=O)cc4)cs3)cc2)CC1,,decoy,DUD-E decoys_final,,,,,32,450.59,7,O=C(Cc1csc(-c2ccc(CN3CC[NH2+]CC3)cc2)n1)Nc1ccccc1,-9.148,-8.823,5,62.9,True,,,
DEC0110,c1cc2n(c(=O)c1)C[C@H]3C[C@@H]2CN(C3)C[C@H]4C[NH+]5CC[C@H]4C[C@@H]5CNC(=S)NCc6ccco6,O=c1cccc2n1C[C@H]1C[C@@H]2CN(C[C@H]2C[NH+]3CC[C@H]2C[C@@H]3CNC(=S)NCc2ccco2)C1,,decoy,DUD-E decoys_final,,,,,34,482.67,6,O=c1cccc2n1C[C@H]1C[C@@H]2CN(C[C@H]2C[NH+]3CC[C@H]2C[C@@H]3CNC(=S)NCc2ccco2)C1,-9.156,-8.96,5,90.9,True,,,
DEC0111,C/C(=N\NC(=O)CSc1nnc(n1c2ccccc2)c3cc(c(c(c3)OC)OC)OC)/c4cccs4,COc1cc(-c2nnc(SCC(=O)N/N=C(\C)c3cccs3)n2-c2ccccc2)cc(OC)c1OC,,decoy,DUD-E decoys_final,,,,,36,523.64,10,O=C(CSc1nnc(-c2ccccc2)n1-c1ccccc1)N/N=C/c1cccs1,-7.858,-7.78,5,107.7,True,,,
DEC0112,CC[NH+](CC)CCCNC(=S)N(CCCN1CCOCC1)Cc2cc3cc(cc(c3[nH]c2=O)C)C,CC[NH+](CC)CCCNC(=S)N(CCCN1CCOCC1)Cc1cc2cc(C)cc(C)c2[nH]c1=O,,decoy,DUD-E decoys_final,,,,,35,502.75,12,O=c1[nH]c2ccccc2cc1CNCCCN1CCOCC1,-7.271,-7.269,5,143.5,True,,,
DEC0113,C[C@H](C(=O)[O-])Oc1cccc(c1)/C=C/2\C(=O)N=C(S2)[N-]c3cccc(c3)F,C[C@@H](Oc1cccc(/C=C2/SC([N-]c3cccc(F)c3)=NC2=O)c1)C(=O)[O-],,decoy,DUD-E decoys_final,,,,,27,384.39,5,O=C1N=C([N-]c2ccccc2)S/C1=C/c1ccccc1,-8.514,-8.493,5,37.6,True,,,
DEC0114,Cc1ccc(cc1I)C(=O)NC(=S)NNC(=O)COc2ccc(cc2)Cl,Cc1ccc(C(=O)NC(=S)NNC(=O)COc2ccc(Cl)cc2)cc1I,,decoy,DUD-E decoys_final,,,,,26,503.75,4,O=C(COc1ccccc1)NNC(=S)NC(=O)c1ccccc1,-7.485,-7.213,5,44.9,True,,,
DEC0115,Cc1ccccc1[C@@H]2C(=C(N=C3N2C(=CS3)C=C([O-])[O-])C)C(=O)OC(C)C,CC1=C(C(=O)OC(C)C)[C@@H](c2ccccc2C)N2C(C=C([O-])[O-])=CSC2=N1,,decoy,DUD-E decoys_final,,,,,27,384.46,4,C1=C[C@@H](c2ccccc2)N2C=CSC2=N1,-7.253,-6.884,5,34.0,True,,,
DEC0116,c1cc(cc(c1)[N+](=O)[O-])c2cs/c(=N\C(=S)NC(=O)c3cc(ccc3Cl)Br)/[nH]2,O=C(NC(=S)/N=c1/[nH]c(-c2cccc([N+](=O)[O-])c2)cs1)c1cc(Br)ccc1Cl,,decoy,DUD-E decoys_final,,,,,28,497.78,3,O=C(NC(=S)/N=c1/[nH]c(-c2ccccc2)cs1)c1ccccc1,-8.642,-8.57,5,33.7,True,,,
DEC0117,Cc1ccc(cc1[N+](=O)[O-])S(=O)(=O)[N-]c2cc(c(cc2C(=O)[O-])OC)OC(F)F,COc1cc(C(=O)[O-])c([N-]S(=O)(=O)c2ccc(C)c([N+](=O)[O-])c2)cc1OC(F)F,,decoy,DUD-E decoys_final,,,,,29,430.34,8,O=S(=O)([N-]c1ccccc1)c1ccccc1,-7.352,-7.306,5,54.4,True,,,
DEC0118,CCCCCCn1c(=O)c2c3c(sc2nc1SCC(=O)Nc4ccc(cc4)CC(=O)[O-])CCC3,CCCCCCn1c(SCC(=O)Nc2ccc(CC(=O)[O-])cc2)nc2sc3c(c2c1=O)CCC3,,decoy,DUD-E decoys_final,,,,,34,498.65,11,O=C(CSc1nc2sc3c(c2c(=O)[nH]1)CCC3)Nc1ccccc1,-8.237,-8.22,5,110.8,True,,,
DEC0119,CC(=O)OC[C@@H]1[C@@H]([C@@H]([C@H]([C@H](O1)Sc2nnc(n2N)c3ccccc3)OC(=O)C)OC(=O)C)OC(=O)C,CC(=O)OC[C@H]1O[C@H](Sc2nnc(-c3ccccc3)n2N)[C@H](OC(C)=O)[C@@H](OC(C)=O)[C@H]1OC(C)=O,,decoy,DUD-E decoys_final,,,,,36,522.54,8,c1ccc(-c2nnc(S[C@@H]3CCCCO3)[nH]2)cc1,-8.199,-8.166,5,123.9,True,,,
DEC0120,CCOc1ccc(c(c1)Cl)c2cc(ccc2C(=O)[O-])F,CCOc1ccc(-c2cc(F)ccc2C(=O)[O-])c(Cl)c1,,decoy,DUD-E decoys_final,,,,,20,293.7,4,c1ccc(-c2ccccc2)cc1,-6.838,-6.635,5,15.4,False,,,
DEC0121,Cc1cc(c(c(c1)C)NS(=O)(=O)c2cc(cc(c2C)C)C(C)(C)C)C,Cc1cc(C)c(NS(=O)(=O)c2cc(C(C)(C)C)cc(C)c2C)c(C)c1,,decoy,DUD-E decoys_final,,,,,25,359.54,3,O=S(=O)(Nc1ccccc1)c1ccccc1,-8.189,-8.076,5,30.4,True,,,
DEC0122,CN(c1ccccc1C(=O)[O-])S(=O)(=O)c2ccc3c4c2cccc4C(=O)N3C(=O)Oc5ccccc5,CN(c1ccccc1C(=O)[O-])S(=O)(=O)c1ccc2c3c(cccc13)C(=O)N2C(=O)Oc1ccccc1,,decoy,DUD-E decoys_final,,,,,36,501.5,5,O=C(Oc1ccccc1)N1C(=O)c2cccc3c(S(=O)(=O)Nc4ccccc4)ccc1c23,-9.968,-9.693,5,87.1,True,,,
DEC0123,Cc1ccc(c(c1)C)NCc2nnc(n2C[C@H]3CCCO3)SCC(=O)Nc4ccc(c(c4)Cl)Cl,Cc1ccc(NCc2nnc(SCC(=O)Nc3ccc(Cl)c(Cl)c3)n2C[C@H]2CCCO2)c(C)c1,,decoy,DUD-E decoys_final,,,,,34,520.49,9,O=C(CSc1nnc(CNc2ccccc2)n1C[C@H]1CCCO1)Nc1ccccc1,-8.624,-8.504,5,116.3,True,,,
DEC0124,CCSc1nnc(s1)NC(=O)CSc2nnc(n2N)CNc3ccc(cc3)OC,CCSc1nnc(NC(=O)CSc2nnc(CNc3ccc(OC)cc3)n2N)s1,,decoy,DUD-E decoys_final,,,,,29,452.59,10,O=C(CSc1nnc(CNc2ccccc2)[nH]1)Nc1nncs1,-7.43,-7.296,5,96.4,True,,,
DEC0125,CCCCCNc1c(c(=O)n2cc(ccc2n1)C)/C=C/3\C(=O)N(C(=S)S3)C[C@@H](CC)CCCC,CCCCCNc1nc2ccc(C)cn2c(=O)c1/C=C1/SC(=S)N(C[C@@H](CC)CCCC)C1=O,,decoy,DUD-E decoys_final,,,,,34,500.73,12,O=C1NC(=S)S/C1=C/c1cnc2ccccn2c1=O,-7.919,-7.536,5,105.4,True,,,
DEC0126,C[C@H](C(=O)Nc1ccc(cc1)C(F)(F)F)Sc2ncc(n2c3ccc(cc3)F)C(=O)[O-],C[C@@H](Sc1ncc(C(=O)[O-])n1-c1ccc(F)cc1)C(=O)Nc1ccc(C(F)(F)F)cc1,,decoy,DUD-E decoys_final,,,,,31,452.41,6,O=C(CSc1nccn1-c1ccccc1)Nc1ccccc1,-8.864,-8.8,5,60.4,True,,,
DEC0127,c1cc(ccc1OCCOc2ccc(cc2/C=N/NC(=O)Cc3nnc(s3)N)Cl)Br,Nc1nnc(CC(=O)N/N=C/c2cc(Cl)ccc2OCCOc2ccc(Br)cc2)s1,,decoy,DUD-E decoys_final,,,,,30,510.8,9,O=C(Cc1nncs1)N/N=C/c1ccccc1OCCOc1ccccc1,-7.382,-7.326,5,78.9,True,,,
DEC0128,CC1=C([C@H](N2C(=CSC2=N1)/C=C(/NCCOC)\[O-])c3ccc(cc3)Cl)C(=O)OCc4ccccc4,COCCN/C([O-])=C/C1=CSC2=NC(C)=C(C(=O)OCc3ccccc3)[C@@H](c3ccc(Cl)cc3)N12,,decoy,DUD-E decoys_final,,,,,35,511.02,9,O=C(OCc1ccccc1)C1=CN=C2SC=CN2[C@@H]1c1ccccc1,-7.661,-7.489,5,83.8,True,,,
DEC0129,Cc1ccccc1n2c(cc(c(c2=S)C(=O)c3ccccc3)SC)c4ccccc4,CSc1cc(-c2ccccc2)n(-c2ccccc2C)c(=S)c1C(=O)c1ccccc1,,decoy,DUD-E decoys_final,,,,,30,427.59,5,O=C(c1ccccc1)c1ccc(-c2ccccc2)n(-c2ccccc2)c1=S,-8.424,-8.361,5,36.7,True,,,
DEC0130,CCCOc1cccc(c1)C(=O)NC(=S)NNC(=O)COc2cc(c(c(c2)C)Cl)C,CCCOc1cccc(C(=O)NC(=S)NNC(=O)COc2cc(C)c(Cl)c(C)c2)c1,,decoy,DUD-E decoys_final,,,,,30,449.96,7,O=C(COc1ccccc1)NNC(=S)NC(=O)c1ccccc1,-8.31,-8.278,5,59.7,True,,,
